PLANT,PLANT_LAT,PLANT_LNG,SHIPMENTS,DESTINATION,DESTINATION_ZIP,DESTINATION_STATE,DESTINATION_COUNTRY,DESTINATION_STATE_LAT,DESTINATION_STATE_LNG,DESTINATION_ZIP_LAT,DESTINATION_ZIP_LNG
1661,47.1,-122.32,8,BELLINGHAM,98226,WA,US,47.3917,-121.5708,48.79,-122.41
1661,47.1,-122.32,3,EVERETT,98201,WA,US,47.3917,-121.5708,47.98,-122.2
1661,47.1,-122.32,1,EVERETT,98204,WA,US,47.3917,-121.5708,47.89,-122.25
1661,47.1,-122.32,1,RENTON,98057,WA,US,47.3917,-121.5708,47.48,-122.19
1661,47.1,-122.32,3,SEATTLE,98133,WA,US,47.3917,-121.5708,47.73,-122.34
1661,47.1,-122.32,6,SEATTLE,98134,WA,US,47.3917,-121.5708,47.57,-122.33
1661,47.1,-122.32,1,SEATTLE,98144,WA,US,47.3917,-121.5708,47.58,-122.3
1661,47.1,-122.32,4,BELLEVUE,98005,WA,US,47.3917,-121.5708,47.62,-122.16
1661,47.1,-122.32,2,ISSAQUAH,98029,WA,US,47.3917,-121.5708,47.55,-122
1661,47.1,-122.32,2,REDMOND,98052,WA,US,47.3917,-121.5708,47.68,-122.12
1661,47.1,-122.32,7,TACOMA,98409,WA,US,47.3917,-121.5708,47.21,-122.47
1661,47.1,-122.32,4,GIGHARBOR,98332,WA,US,47.3917,-121.5708,47.36,-122.6
1661,47.1,-122.32,2,BREMERTON,98311,WA,US,47.3917,-121.5708,47.63,-122.63
1661,47.1,-122.32,1,SILVERDALE,98383,WA,US,47.3917,-121.5708,47.67,-122.72
1661,47.1,-122.32,8,PENDLETON,97801,OR,US,44.5672,-122.1269,45.73,-118.79
1661,47.1,-122.32,2,MOSESLAKE,98837,WA,US,47.3917,-121.5708,47.19,-119.3
1661,47.1,-122.32,1,LYNNWOOD,98036,WA,US,47.3917,-121.5708,47.8,-122.28
1661,47.1,-122.32,3,ARLINGTON,98223,WA,US,47.3917,-121.5708,48.18,-121.67
1661,47.1,-122.32,2,TACOMA,98401,WA,US,47.3917,-121.5708,47.25,-122.44
580,47.1,-122.32,2,BELLINGHAM,98226,WA,US,47.3917,-121.5708,48.79,-122.41
300,33.04,-96.51,6,WICHITA,67213,KS,US,38.5111,-96.8005,37.68,-97.34
642,39.69,-104.81,4,SALTLAKECITY,84115,UT,US,40.1135,-111.8535,40.71,-111.89
642,39.69,-104.81,1,SANDY,84070,UT,US,40.1135,-111.8535,40.57,-111.89
646,28.04,-81.96,2,GAINESVILLE,32653,FL,US,27.8333,-81.717,29.67,-82.33
580,47.1,-122.32,4,SANJOSE,95123,CA,US,36.17,-119.7462,37.23,-121.82
10,40.2,-77.2,4,BUFFALO,14206,NY,US,42.1497,-74.9384,42.88,-78.85
10,40.2,-77.2,4,ROCHESTER,14605,NY,US,42.1497,-74.9384,43.16,-77.61
570,39.8,-79.8,3,Richmond,23234,VA,US,37.768,-78.2057,37.55,-77.46
570,39.8,-79.8,5,ERIE,16501,PA,US,40.5773,-77.264,42.12,-80.08
570,39.8,-79.8,1,ERIE,16511,PA,US,40.5773,-77.264,42.12,-80.08
570,39.8,-79.8,4,HARRISONBURG,22801,VA,US,37.768,-78.2057,38.43,-78.87
570,39.8,-79.8,4,ROXBORO,27573,NC,US,35.6411,-79.8431,36.4,-78.98
570,39.8,-79.8,1,NEWCASTLE,19720,DE,US,39.3498,-75.5148,39.66,-75.57
570,39.8,-79.8,7,BRADDOCK,15104,PA,US,40.5773,-77.264,40.4,-79.86
570,39.8,-79.8,5,UNIONTOWN,15401,PA,US,40.5773,-77.264,39.89,-79.72
570,39.8,-79.8,2,NEWCASTLE,16101,PA,US,40.5773,-77.264,40.99,-80.34
570,39.8,-79.8,4,WARREN,44483,OH,US,40.3736,-82.7755,41.23,-80.81
91,40.57,-112.33,1,SANJOSE,95123,CA,US,36.17,-119.7462,37.23,-121.82
91,40.57,-112.33,2,ANAHEIM,92801,CA,US,36.17,-119.7462,33.84,-117.95
570,39.8,-79.8,2,PETERSBURG,23806,VA,US,37.768,-78.2057,37.2,-77.39
570,39.8,-79.8,1,GOLDSBORO,27530,NC,US,35.6411,-79.8431,35.37,-77.97
90,34.61,-89.97,1,CYPRESS,77433,TX,US,31.106,-97.6475,29.96,-95.69
10,40.2,-77.2,4,MANCHESTER,3103,NH,US,43.4108,-71.5653,42.99,-71.45
530,41.93,-87.87,6,MISHAWAKA,46545,IN,US,39.8647,-86.2604,41.66,-86.16
90,34.61,-89.97,1,Houston,77041,TX,US,31.106,-97.6475,29.76,-95.38
300,33.04,-96.51,1,MCDONOUGH,30253,GA,US,32.9866,-83.6487,33.45,-84.14
10,40.2,-77.2,4,BROCKTON,2301,MA,US,42.2373,-71.5314,42.08,-71.02
10,40.2,-77.2,1,NEWCASTLE,16101,PA,US,40.5773,-77.264,40.99,-80.34
10,40.2,-77.2,1,WARREN,44483,OH,US,40.3736,-82.7755,41.23,-80.81
10,40.2,-77.2,4,BRADDOCK,15104,PA,US,40.5773,-77.264,40.4,-79.86
10,40.2,-77.2,1,UNIONTOWN,15401,PA,US,40.5773,-77.264,39.89,-79.72
10,40.2,-77.2,1,PITTSBURGH,15238,PA,US,40.5773,-77.264,40.43,-79.97
10,40.2,-77.2,1,TETERBORO,7608,NJ,US,40.314,-74.5089,40.85,-74.06
10,40.2,-77.2,1,BEVERLY,8010,NJ,US,40.314,-74.5089,40.06,-74.92
10,40.2,-77.2,4,EASTRUTHERFORD,7073,NJ,US,40.314,-74.5089,40.81,-74.08
10,40.2,-77.2,15,ELKHART,46514,IN,US,39.8647,-86.2604,41.68,-85.96
10,40.2,-77.2,1,WILLISTON,5495,VT,US,44.0407,-72.7093,44.43,-73.07
10,40.2,-77.2,4,LONGISLANDCITY,11101,NY,US,42.1497,-74.9384,40.74,-73.93
10,40.2,-77.2,1,OCEANSIDE,11572,NY,US,42.1497,-74.9384,40.63,-73.63
10,40.2,-77.2,5,HICKSVILLE,11801,NY,US,42.1497,-74.9384,40.76,-73.52
310,40.2,-77.2,1,HOLLAND,14080,NY,US,42.1497,-74.9384,42.63,-78.54
570,39.8,-79.8,1,LORAIN,44053,OH,US,40.3736,-82.7755,41.44,-82.18
570,39.8,-79.8,3,COLUMBUS,43219,OH,US,40.3736,-82.7755,39.98,-82.98
570,39.8,-79.8,2,VIRGINIABEACH,23455,VA,US,37.768,-78.2057,36.73,-76.04
570,39.8,-79.8,1,LORTON,22079,VA,US,37.768,-78.2057,38.7,-77.24
570,39.8,-79.8,10,ROCKYMOUNT,27815,NC,US,35.6411,-79.8431,35.92,-77.67
550,32.73,-96.29,4,EDGERTON,66021,KS,US,38.5111,-96.8005,38.76,-95.01
550,32.73,-96.29,3,KATY,77494,TX,US,31.106,-97.6475,29.79,-95.82
570,39.8,-79.8,1,HOLLIDAYSBURG,16648,PA,US,40.5773,-77.264,40.43,-78.39
550,32.73,-96.29,4,OKLAHOMACITY,73108,OK,US,35.5376,-96.9247,35.46,-97.51
570,39.8,-79.8,1,CHARLOTTESVILLE,22911,VA,US,37.768,-78.2057,38.03,-78.48
550,32.73,-96.29,1,KansasCity,66103,KS,US,38.5111,-96.8005,39.1,-94.62
90,34.61,-89.97,2,BRASELTON,30517,GA,US,32.9866,-83.6487,34.1,-83.78
90,34.61,-89.97,1,ROMEOVILLE,60446,IL,US,40.3363,-89.0022,41.64,-88.08
310,40.2,-77.2,1,JACKSONVILLE,32254,FL,US,27.8333,-81.717,30.33,-81.65
310,40.2,-77.2,1,OKLAHOMACITY,73103,OK,US,35.5376,-96.9247,35.46,-97.51
10,40.2,-77.2,3,LEWISTON,4240,ME,US,44.6074,-69.3977,44.08,-70.17
570,39.8,-79.8,8,SOLON,44139,OH,US,40.3736,-82.7755,41.38,-81.44
91,40.57,-112.33,1,SPRINGDALE,72762,AR,US,34.9513,-92.3809,36.18,-94.14
91,40.57,-112.33,1,SALEM,97303,OR,US,44.5672,-122.1269,45.01,-123.01
91,40.57,-112.33,1,MEDFORD,97504,OR,US,44.5672,-122.1269,42.33,-122.79
91,40.57,-112.33,2,EDMONDS,98026,WA,US,47.3917,-121.5708,47.83,-122.32
91,40.57,-112.33,3,TACOMA,98444,WA,US,47.3917,-121.5708,47.15,-122.44
91,40.57,-112.33,3,PORTLAND,97220,OR,US,44.5672,-122.1269,45.55,-122.56
591,40.57,-112.33,2,SANJOSE,95125,CA,US,36.17,-119.7462,37.29,-121.88
550,32.73,-96.29,2,WICHITA,67219,KS,US,38.5111,-96.8005,37.68,-97.34
90,34.61,-89.97,1,HOUSTON,77032,TX,US,31.106,-97.6475,29.76,-95.38
570,39.8,-79.8,1,KERNERSVILLE,27284,NC,US,35.6411,-79.8431,36.11,-80.07
580,47.1,-122.32,1,CORVALLIS,97330,OR,US,44.5672,-122.1269,44.63,-123.27
91,40.57,-112.33,1,PORTLAND,97227,OR,US,44.5672,-122.1269,45.54,-122.67
10,40.2,-77.2,1,STRATFORD,6615,CT,US,41.5834,-72.7622,41.2,-73.13
10,40.2,-77.2,1,WORCESTER,1605,MA,US,42.2373,-71.5314,42.26,-71.8
641,41.22,-96.48,4,OMAHA,68107,NE,US,41.1289,-98.2883,41.26,-96.01
641,41.22,-96.48,1,OMAHA,68127,NE,US,41.1289,-98.2883,41.26,-96.01
10,40.2,-77.2,3,CLARENCE,14031,NY,US,42.1497,-74.9384,42.98,-78.6
10,40.2,-77.2,2,JAMESTOWN,14701,NY,US,42.1497,-74.9384,42.09,-79.23
1520,41.52,-74.23,1,STOUGHTON,2072,MA,US,42.2373,-71.5314,42.11,-71.1
570,39.8,-79.8,3,HANOVER,17331,PA,US,40.5773,-77.264,39.81,-76.98
570,39.8,-79.8,2,YORK,17402,PA,US,40.5773,-77.264,39.96,-76.73
570,39.8,-79.8,1,Akron,44306,OH,US,40.3736,-82.7755,41.08,-81.52
10,40.2,-77.2,2,DENVER,80022,CO,US,39.0646,-105.3272,39.86,-104.86
10,40.2,-77.2,2,MISHAWAKA,46545,IN,US,39.8647,-86.2604,41.66,-86.16
310,40.2,-77.2,3,LONGISLANDCITY,11101,NY,US,42.1497,-74.9384,40.74,-73.93
570,39.8,-79.8,4,RESTON,20190,VA,US,37.768,-78.2057,38.95,-77.34
90,34.61,-89.97,2,MUNCIE,47304,IN,US,39.8647,-86.2604,40.19,-85.39
550,32.73,-96.29,6,HOUSTON,77073,TX,US,31.106,-97.6475,29.76,-95.38
550,32.73,-96.29,2,HOUSTON,77098,TX,US,31.106,-97.6475,29.76,-95.38
570,39.8,-79.8,1,ERIE,16506,PA,US,40.5773,-77.264,42.12,-80.08
70,38.88,-89.4,1,LINCOLN,68522,NE,US,41.1289,-98.2883,40.81,-96.68
550,32.73,-96.29,11,CYPRESS,77433,TX,US,31.106,-97.6475,29.96,-95.69
550,32.73,-96.29,6,ABILENE,79605,TX,US,31.106,-97.6475,32.45,-99.73
530,41.93,-87.87,1,DELAFIELD,53018,WI,US,44.2563,-89.6385,43.06,-88.39
530,41.93,-87.87,1,DOUSMAN,53118,WI,US,44.2563,-89.6385,43.01,-88.47
530,41.93,-87.87,1,LITTLECHUTE,54140,WI,US,44.2563,-89.6385,44.28,-88.31
530,41.93,-87.87,7,PLYMOUTH,53073,WI,US,44.2563,-89.6385,43.74,-87.97
10,40.2,-77.2,1,DORAVILLE,30360,GA,US,32.9866,-83.6487,33.76,-84.42
530,41.93,-87.87,1,CHAMPAIGN,61821,IL,US,40.3363,-89.0022,40.11,-88.26
530,41.93,-87.87,2,LAWRENCEVILLE,62439,IL,US,40.3363,-89.0022,38.72,-87.68
530,41.93,-87.87,3,WESTCHICAGO,60185,IL,US,40.3363,-89.0022,41.88,-88.22
530,41.93,-87.87,3,DEKALB,60115,IL,US,40.3363,-89.0022,41.89,-88.75
530,41.93,-87.87,2,SAGINAW,48603,MI,US,43.3504,-84.5603,43.41,-83.94
530,41.93,-87.87,1,LINCOLNPARK,48146,MI,US,43.3504,-84.5603,42.24,-83.18
530,41.93,-87.87,2,DULUTH,55807,MN,US,45.7326,-93.9196,46.78,-92.11
530,41.93,-87.87,2,LAKEVILLE,55044,MN,US,45.7326,-93.9196,44.67,-93.24
530,41.93,-87.87,1,GRANDVIEW,64030,MO,US,38.4623,-92.302,38.88,-94.52
530,41.93,-87.87,2,DAYTON,45417,OH,US,40.3736,-82.7755,39.77,-84.19
560,40.57,-112.33,2,LAKEWOOD,80215,CO,US,39.0646,-105.3272,39.76,-104.87
530,41.93,-87.87,2,LIBERTYTOWNSHIP,45069,OH,US,40.3736,-82.7755,39.33,-84.4
560,40.57,-112.33,2,GILLETTE,82718,WY,US,42.7475,-107.2085,44.28,-105.51
560,40.57,-112.33,6,BREA,92823,CA,US,36.17,-119.7462,33.92,-117.8
530,41.93,-87.87,3,GRANDRAPIDS,49548,MI,US,43.3504,-84.5603,42.96,-85.65
530,41.93,-87.87,2,KALAMAZOO,49001,MI,US,43.3504,-84.5603,42.27,-85.58
90,34.61,-89.97,2,RICELAKE,54868,WI,US,44.2563,-89.6385,45.49,-91.73
560,40.57,-112.33,4,CAMPPENDLETON,92054,CA,US,36.17,-119.7462,33.35,-117.43
91,40.57,-112.33,1,SAINTGEORGE,84790,UT,US,40.1135,-111.8535,37.06,-113.57
91,40.57,-112.33,1,ALBUQUERQUE,87109,NM,US,34.8375,-106.2371,35.11,-106.62
91,40.57,-112.33,1,DENVER,80216,CO,US,39.0646,-105.3272,39.76,-104.87
591,40.57,-112.33,1,ALBUQUERQUE,87109,NM,US,34.8375,-106.2371,35.11,-106.62
580,47.1,-122.32,5,PORTLAND,97210,OR,US,44.5672,-122.1269,45.55,-122.73
580,47.1,-122.32,2,EUGENE,97402,OR,US,44.5672,-122.1269,44.04,-123.22
580,47.1,-122.32,2,PORTLAND,97227,OR,US,44.5672,-122.1269,45.54,-122.67
580,47.1,-122.32,2,TACOMA,98445,WA,US,47.3917,-121.5708,47.13,-122.4
300,33.04,-96.51,2,MEMPHIS,38118,TN,US,35.7449,-86.7489,35.1,-90
300,33.04,-96.51,1,LEXINGTON,29072,SC,US,33.8191,-80.9066,33.98,-81.22
300,33.04,-96.51,2,NORCROSS,30091,GA,US,32.9866,-83.6487,33.94,-84.2
300,33.04,-96.51,1,FORTWORTH,76106,TX,US,31.106,-97.6475,32.75,-97.33
300,33.04,-96.51,3,COLUMBIA,29202,SC,US,33.8191,-80.9066,34,-81.03
10,40.2,-77.2,4,GREENSBORO,27409,NC,US,35.6411,-79.8431,36.07,-79.82
10,40.2,-77.2,1,SOLON,44139,OH,US,40.3736,-82.7755,41.38,-81.44
10,40.2,-77.2,2,RICHMOND,23224,VA,US,37.768,-78.2057,37.55,-77.46
10,40.2,-77.2,3,GRANDRAPIDS,49548,MI,US,43.3504,-84.5603,42.96,-85.65
10,40.2,-77.2,1,KALAMAZOO,49001,MI,US,43.3504,-84.5603,42.27,-85.58
10,40.2,-77.2,3,CHICOPEE,1020,MA,US,42.2373,-71.5314,42.17,-72.57
310,40.2,-77.2,5,TERRELL,75160,TX,US,31.106,-97.6475,32.73,-96.29
310,40.2,-77.2,1,LAKEVILLE,55044,MN,US,45.7326,-93.9196,44.67,-93.24
10,40.2,-77.2,1,LANCASTER,17601,PA,US,40.5773,-77.264,40.04,-76.3
10,40.2,-77.2,1,READING,19611,PA,US,40.5773,-77.264,40.33,-75.92
570,39.8,-79.8,1,MOUNTVERNON,43050,OH,US,40.3736,-82.7755,40.39,-82.47
90,34.61,-89.97,1,ALLEGAN,49010,MI,US,43.3504,-84.5603,42.52,-85.84
90,34.61,-89.97,1,CHARLOTTE,28273,NC,US,35.6411,-79.8431,35.19,-80.83
90,34.61,-89.97,1,PINEVILLE,28134,NC,US,35.6411,-79.8431,35.08,-80.88
320,32.73,-96.29,2,LOUISVILLE,40213,KY,US,37.669,-84.6514,38.22,-85.74
320,32.73,-96.29,1,TOOELE,84074,UT,US,40.1135,-111.8535,40.57,-112.33
320,32.73,-96.29,2,DIXON,95620,CA,US,36.17,-119.7462,38.39,-121.81
70,38.88,-89.4,1,EVANSVILLE,47711,IN,US,39.8647,-86.2604,37.98,-87.54
570,39.8,-79.8,2,MONTGOMERY,12549,NY,US,42.1497,-74.9384,41.52,-74.23
70,38.88,-89.4,1,HASTINGS,68901,NE,US,41.1289,-98.2883,40.58,-98.39
70,38.88,-89.4,2,Brooksville,34601,FL,US,27.8333,-81.717,28.55,-82.39
70,38.88,-89.4,1,Ocala,34474,FL,US,27.8333,-81.717,29.18,-82.13
70,38.88,-89.4,1,LAFOLLETTE,37766,TN,US,35.7449,-86.7489,36.37,-84.12
90,34.61,-89.97,1,GREER,29651,SC,US,33.8191,-80.9066,34.93,-82.23
90,34.61,-89.97,1,DURHAM,27703,NC,US,35.6411,-79.8431,35.98,-78.91
90,34.61,-89.97,1,CONCORD,28027,NC,US,35.6411,-79.8431,35.4,-80.59
10,40.2,-77.2,1,MOUNTVERNON,43050,OH,US,40.3736,-82.7755,40.39,-82.47
10,40.2,-77.2,2,AUGUSTA,4330,ME,US,44.6074,-69.3977,44.33,-69.72
10,40.2,-77.2,2,Watertown,13601,NY,US,42.1497,-74.9384,43.97,-75.91
10,40.2,-77.2,2,HARTFORD,6120,CT,US,41.5834,-72.7622,41.76,-72.68
570,39.8,-79.8,2,STEPHENSCITY,22655,VA,US,37.768,-78.2057,39.09,-78.22
10,40.2,-77.2,2,ALBANY,12205,NY,US,42.1497,-74.9384,42.66,-73.79
10,40.2,-77.2,1,ALLENTOWN,18103,PA,US,40.5773,-77.264,40.59,-75.47
10,40.2,-77.2,2,DURHAM,27703,NC,US,35.6411,-79.8431,35.98,-78.91
570,39.8,-79.8,1,SCOTIA,12302,NY,US,42.1497,-74.9384,42.8,-73.92
570,39.8,-79.8,2,HICKORY,28601,NC,US,35.6411,-79.8431,35.73,-81.32
570,39.8,-79.8,1,LAURENS,29360,SC,US,33.8191,-80.9066,34.5,-82.02
10,40.2,-77.2,1,RESTON,20190,VA,US,37.768,-78.2057,38.95,-77.34
540,30.19,-82.64,2,FRANKLINPARK,60131,IL,US,40.3363,-89.0022,41.93,-87.87
70,38.88,-89.4,2,INDIANAPOLIS,46231,IN,US,39.8647,-86.2604,39.77,-86.14
530,41.93,-87.87,3,PLYMOUTH,55441,MN,US,45.7326,-93.9196,44.96,-93.26
70,38.88,-89.4,1,STEPHENSCITY,22655,VA,US,37.768,-78.2057,39.09,-78.22
530,41.93,-87.87,1,GRANDHAVEN,49417,MI,US,43.3504,-84.5603,43.05,-86.22
530,41.93,-87.87,1,ALLIANCE,44601,OH,US,40.3736,-82.7755,40.91,-81.11
530,41.93,-87.87,2,STANLEY,54768,WI,US,44.2563,-89.6385,44.96,-90.94
300,33.04,-96.51,1,WESTCOLUMBIA,29169,SC,US,33.8191,-80.9066,33.99,-81.08
10,40.2,-77.2,4,ROCHESTER,14621,NY,US,42.1497,-74.9384,43.16,-77.61
550,32.73,-96.29,1,SEWELL,8080,NJ,US,40.314,-74.5089,39.75,-75.09
646,28.04,-81.96,4,TARHEEL,28392,NC,US,35.6411,-79.8431,34.73,-78.79
570,39.8,-79.8,2,GROVECITY,43123,OH,US,40.3736,-82.7755,39.87,-83.07
550,32.73,-96.29,2,CONROE,77304,TX,US,31.106,-97.6475,30.32,-95.47
641,41.22,-96.48,1,OKLAHOMACITY,73128,OK,US,35.5376,-96.9247,35.46,-97.51
641,41.22,-96.48,7,OMAHA,68117,NE,US,41.1289,-98.2883,41.26,-96.01
570,39.8,-79.8,1,HARRISON,7029,NJ,US,40.314,-74.5089,40.74,-74.15
570,39.8,-79.8,1,SHELBURNE,5482,VT,US,44.0407,-72.7093,44.38,-73.23
570,39.8,-79.8,1,WILLISTON,5495,VT,US,44.0407,-72.7093,44.43,-73.07
570,39.8,-79.8,1,PITTSBURGH,15208,PA,US,40.5773,-77.264,40.43,-79.97
10,40.2,-77.2,2,PHILADELPHIA,19124,PA,US,40.5773,-77.264,39.95,-75.16
570,39.8,-79.8,2,COLUMBUS,43201,OH,US,40.3736,-82.7755,39.98,-82.98
310,40.2,-77.2,3,PHOENIXVILLE,19460,PA,US,40.5773,-77.264,40.13,-75.51
310,40.2,-77.2,1,MEDFORD,11763,NY,US,42.1497,-74.9384,40.82,-72.98
550,32.73,-96.29,4,Tulsa,74145,OK,US,35.5376,-96.9247,36.12,-95.91
90,34.61,-89.97,1,HOUSTON,77067,TX,US,31.106,-97.6475,29.76,-95.38
90,34.61,-89.97,1,NEWCANEY,77357,TX,US,31.106,-97.6475,30.15,-95.18
550,32.73,-96.29,2,ARLINGTON,76011,TX,US,31.106,-97.6475,32.69,-97.12
550,32.73,-96.29,5,AUSTIN,78702,TX,US,31.106,-97.6475,30.26,-97.74
540,30.19,-82.64,15,BRASELTON,30517,GA,US,32.9866,-83.6487,34.1,-83.78
90,34.61,-89.97,1,Tulsa,74145,OK,US,35.5376,-96.9247,36.12,-95.91
663,38.39,-121.81,1,DELANO,93215,CA,US,36.17,-119.7462,35.78,-119.23
1520,41.52,-74.23,1,EASTSYRACUSE,13057,NY,US,42.1497,-74.9384,43.06,-76.07
540,30.19,-82.64,3,Miami,33150,FL,US,27.8333,-81.717,25.77,-80.2
550,32.73,-96.29,1,AUSTIN,78758,TX,US,31.106,-97.6475,30.26,-97.74
10,40.2,-77.2,1,ELMIRAHEIGHTS,14903,NY,US,42.1497,-74.9384,42.08,-76.8
91,40.57,-112.33,1,MISSOULA,59808,MT,US,46.9048,-110.3261,46.98,-114.12
91,40.57,-112.33,1,MIDLAND,79706,TX,US,31.106,-97.6475,32.02,-102.1
591,40.57,-112.33,1,COLORADOSPRINGS,80906,CO,US,39.0646,-105.3272,38.86,-104.76
320,32.73,-96.29,17,CARLISLE,17013,PA,US,40.5773,-77.264,40.2,-77.2
70,38.88,-89.4,1,KansasCity,66103,KS,US,38.5111,-96.8005,39.1,-94.62
70,38.88,-89.4,1,Wichita,67214,KS,US,38.5111,-96.8005,37.68,-97.34
663,38.39,-121.81,2,CARMICHAEL,95608,CA,US,36.17,-119.7462,38.62,-121.32
10,40.2,-77.2,1,BETHLEHEM,18017,PA,US,40.5773,-77.264,40.62,-75.36
10,40.2,-77.2,1,JOHNSONCITY,37601,TN,US,35.7449,-86.7489,36.33,-82.36
10,40.2,-77.2,1,SWANNANOA,28778,NC,US,35.6411,-79.8431,35.6,-82.39
570,39.8,-79.8,1,FREDERICK,21701,MD,US,39.0724,-76.7902,39.42,-77.41
550,32.73,-96.29,2,SAINTCHARLES,63301,MO,US,38.4623,-92.302,38.79,-90.51
570,39.8,-79.8,13,DURHAM,27703,NC,US,35.6411,-79.8431,35.98,-78.91
570,39.8,-79.8,1,ORLANDO,32804,FL,US,27.8333,-81.717,28.5,-81.37
570,39.8,-79.8,1,Pittsburgh,15213,PA,US,40.5773,-77.264,40.43,-79.97
10,40.2,-77.2,1,QUAKERTOWN,18951,PA,US,40.5773,-77.264,40.43,-75.34
550,32.73,-96.29,4,TULSA,74112,OK,US,35.5376,-96.9247,36.12,-95.91
550,32.73,-96.29,3,LYTLE,78052,TX,US,31.106,-97.6475,29.23,-98.79
663,38.39,-121.81,4,FREMONT,94536,CA,US,36.17,-119.7462,37.56,-121.98
663,38.39,-121.81,3,SANJOSE,95112,CA,US,36.17,-119.7462,37.34,-121.88
70,38.88,-89.4,1,NORTHBROOK,60062,IL,US,40.3363,-89.0022,42.12,-87.83
663,38.39,-121.81,1,FAIRFIELD,94534,CA,US,36.17,-119.7462,38.23,-122.12
663,38.39,-121.81,2,OAKLAND,94621,CA,US,36.17,-119.7462,37.73,-122.2
10,40.2,-77.2,1,CHARLOTTE,28273,NC,US,35.6411,-79.8431,35.19,-80.83
1520,41.52,-74.23,2,MEDFIELD,2052,MA,US,42.2373,-71.5314,42.18,-71.3
1520,41.52,-74.23,6,GLENGARDNER,8826,NJ,US,40.314,-74.5089,40.69,-74.94
1520,41.52,-74.23,4,WENONAH,8090,NJ,US,40.314,-74.5089,39.79,-75.14
663,38.39,-121.81,2,FRESNO,93703,CA,US,36.17,-119.7462,36.76,-119.76
1520,41.52,-74.23,16,TETERBORO,7608,NJ,US,40.314,-74.5089,40.85,-74.06
530,41.93,-87.87,6,INDIANAPOLIS,46226,IN,US,39.8647,-86.2604,39.77,-86.14
570,39.8,-79.8,1,KENT,44240,OH,US,40.3736,-82.7755,41.14,-81.36
1520,41.52,-74.23,2,ELLICOTTVILLE,14731,NY,US,42.1497,-74.9384,42.27,-78.67
1520,41.52,-74.23,2,HAUPPAUGE,11788,NY,US,42.1497,-74.9384,40.82,-73.21
570,39.8,-79.8,4,SMITHFIELD,23430,VA,US,37.768,-78.2057,36.98,-76.61
1520,41.52,-74.23,1,WESTON,2493,MA,US,42.2373,-71.5314,42.36,-71.26
1520,41.52,-74.23,1,EASTPROVIDENCE,2915,RI,US,41.6772,-71.5101,41.77,-71.35
1520,41.52,-74.23,1,WOODMERE,11598,NY,US,42.1497,-74.9384,40.63,-73.72
1520,41.52,-74.23,1,GlenGardner,8826,NJ,US,40.314,-74.5089,40.69,-74.94
1520,41.52,-74.23,1,BROOKLYN,11207,NY,US,42.1497,-74.9384,40.64,-73.94
1520,41.52,-74.23,1,YONKERS,10703,NY,US,42.1497,-74.9384,40.94,-73.86
1520,41.52,-74.23,8,SOMERVILLE,2143,MA,US,42.2373,-71.5314,42.39,-71.1
1520,41.52,-74.23,8,BEVERLY,8010,NJ,US,40.314,-74.5089,40.06,-74.92
10,40.2,-77.2,2,HARRISBURG,17112,PA,US,40.5773,-77.264,40.27,-76.88
10,40.2,-77.2,1,COMMACK,11725,NY,US,42.1497,-74.9384,40.84,-73.28
540,30.19,-82.64,1,FORTMYERS,33905,FL,US,27.8333,-81.717,26.63,-81.85
1520,41.52,-74.23,1,LAKEWOOD,08701,NJ,US,40.314,-74.5089,40.09,-74.21
540,30.19,-82.64,3,MIAMI,33155,FL,US,27.8333,-81.717,25.77,-80.2
1520,41.52,-74.23,2,RUMSON,7760,NJ,US,40.314,-74.5089,40.36,-74
1520,41.52,-74.23,1,TOMSRIVER,8753,NJ,US,40.314,-74.5089,39.95,-74.18
540,30.19,-82.64,5,NASHVILLE,37210,TN,US,35.7449,-86.7489,36.17,-86.78
540,30.19,-82.64,1,PANAMACITY,32405,FL,US,27.8333,-81.717,30.17,-85.67
540,30.19,-82.64,1,KNOXVILLE,37919,TN,US,35.7449,-86.7489,35.97,-83.94
540,30.19,-82.64,4,NORTHCHARLESTON,29418,SC,US,33.8191,-80.9066,32.89,-80.05
540,30.19,-82.64,2,NewOrleans,70114,LA,US,31.1801,-91.8749,30.06,-89.93
1520,41.52,-74.23,4,CHICOPEE,1020,MA,US,42.2373,-71.5314,42.17,-72.57
530,41.93,-87.87,3,ANNARBOR,48104,MI,US,43.3504,-84.5603,42.27,-83.73
530,41.93,-87.87,2,WAYNE,48184,MI,US,43.3504,-84.5603,42.27,-83.38
646,28.04,-81.96,9,OLDSMAR,34677,FL,US,27.8333,-81.717,28.04,-82.67
646,28.04,-81.96,7,TAMPA,33614,FL,US,27.8333,-81.717,27.95,-82.48
1520,41.52,-74.23,4,SOUTHBOUNDBROOK,8880,NJ,US,40.314,-74.5089,40.55,-74.52
1520,41.52,-74.23,1,MAHWAH,7430,NJ,US,40.314,-74.5089,41.08,-74.18
570,39.8,-79.8,2,LEWISCENTER,43035,OH,US,40.3736,-82.7755,40.18,-82.99
540,30.19,-82.64,2,JACKSONVILLE,32209,FL,US,27.8333,-81.717,30.33,-81.65
570,39.8,-79.8,3,GREENSBORO,27409,NC,US,35.6411,-79.8431,36.07,-79.82
570,39.8,-79.8,1,HICKORY,28602,NC,US,35.6411,-79.8431,35.73,-81.32
560,40.57,-112.33,2,GOLETA,93117,CA,US,36.17,-119.7462,34.5,-120.12
560,40.57,-112.33,1,OXNARD,93033,CA,US,36.17,-119.7462,34.14,-119.1
1520,41.52,-74.23,2,HAMDEN,6518,CT,US,41.5834,-72.7622,41.37,-72.9
560,40.57,-112.33,3,BEND,97702,OR,US,44.5672,-122.1269,43.98,-121.27
646,28.04,-81.96,2,BOYNTONBEACH,33426,FL,US,27.8333,-81.717,26.52,-80.08
646,28.04,-81.96,4,OPALOCKA,33054,FL,US,27.8333,-81.717,25.93,-80.26
550,32.73,-96.29,1,HURST,76053,TX,US,31.106,-97.6475,32.83,-97.17
70,38.88,-89.4,2,DENVER,80216,CO,US,39.0646,-105.3272,39.76,-104.87
90,34.61,-89.97,4,DORAVILLE,30360,GA,US,32.9866,-83.6487,33.76,-84.42
70,38.88,-89.4,1,BIRMINGHAM,35204,AL,US,32.799,-86.8073,33.52,-86.79
70,38.88,-89.4,1,DECATUR,35601,AL,US,32.799,-86.8073,34.57,-86.98
570,39.8,-79.8,1,BRISTOL,24201,VA,US,37.768,-78.2057,36.61,-82.16
580,47.1,-122.32,3,SEQUIM,98382,WA,US,47.3917,-121.5708,48.06,-123.06
540,30.19,-82.64,1,MIAMI,33147,FL,US,27.8333,-81.717,25.77,-80.2
663,38.39,-121.81,2,CERES,95307,CA,US,36.17,-119.7462,37.55,-120.96
663,38.39,-121.81,1,CLOVIS,93612,CA,US,36.17,-119.7462,36.81,-119.71
663,38.39,-121.81,1,FRESNO,93727,CA,US,36.17,-119.7462,36.75,-119.67
663,38.39,-121.81,1,RIVERBANK,95367,CA,US,36.17,-119.7462,37.73,-120.95
663,38.39,-121.81,2,SELMA,93662,CA,US,36.17,-119.7462,36.53,-119.64
663,38.39,-121.81,3,STOCKTON,95215,CA,US,36.17,-119.7462,37.95,-121.12
663,38.39,-121.81,1,TULARE,93274,CA,US,36.17,-119.7462,36.18,-119.36
663,38.39,-121.81,2,TURLOCK,95380,CA,US,36.17,-119.7462,37.47,-120.85
663,38.39,-121.81,1,VISALIA,93277,CA,US,36.17,-119.7462,36.29,-119.38
663,38.39,-121.81,7,RIPON,95366,CA,US,36.17,-119.7462,37.75,-121.12
540,30.19,-82.64,3,DEERFIELDBEACH,33442,FL,US,27.8333,-81.717,26.31,-80.12
550,32.73,-96.29,3,DALLAS,75236,TX,US,31.106,-97.6475,32.79,-96.76
550,32.73,-96.29,9,HOUSTON,77064,TX,US,31.106,-97.6475,29.76,-95.38
10,40.2,-77.2,1,KENT,98032,WA,US,47.3917,-121.5708,47.39,-122.26
570,39.8,-79.8,1,CEDARBLUFF,24609,VA,US,37.768,-78.2057,37.08,-81.76
550,32.73,-96.29,1,HAYS,67601,KS,US,38.5111,-96.8005,38.87,-99.31
550,32.73,-96.29,2,SALINA,67401,KS,US,38.5111,-96.8005,38.81,-97.61
530,41.93,-87.87,2,ROGERS,55374,MN,US,45.7326,-93.9196,45.19,-93.55
641,41.22,-96.48,3,COTTONWOOD,56229,MN,US,45.7326,-93.9196,44.6,-95.67
1520,41.52,-74.23,3,TRUMBULL,6611,CT,US,41.5834,-72.7622,41.25,-73.2
641,41.22,-96.48,1,OMAHA,68102,NE,US,41.1289,-98.2883,41.26,-96.01
641,41.22,-96.48,1,OMAHA,68152,NE,US,41.1289,-98.2883,41.26,-96.01
641,41.22,-96.48,1,NEWBURG,53060,WI,US,44.2563,-89.6385,43.43,-88.04
641,41.22,-96.48,6,MASONCITY,50402,IA,US,42.0046,-93.214,43.15,-93.19
310,40.2,-77.2,3,NORTHWALES,19454,PA,US,40.5773,-77.264,40.21,-75.27
310,40.2,-77.2,1,WHITEHALL,18052,PA,US,40.5773,-77.264,40.63,-75.48
10,40.2,-77.2,3,CHARLOTTE,28269,NC,US,35.6411,-79.8431,35.19,-80.83
550,32.73,-96.29,4,HOUSTON,77032,TX,US,31.106,-97.6475,29.76,-95.38
70,38.88,-89.4,2,OVERLANDPARK,66203,KS,US,38.5111,-96.8005,38.9,-94.68
70,38.88,-89.4,1,TOPEKA,66611,KS,US,38.5111,-96.8005,39.03,-95.69
530,41.93,-87.87,1,JACKSON,49204,MI,US,43.3504,-84.5603,42.24,-84.4
646,28.04,-81.96,2,BOCARATON,33432,FL,US,27.8333,-81.717,26.37,-80.1
646,28.04,-81.96,1,CORALSPRINGS,33076,FL,US,27.8333,-81.717,26.23,-80.13
646,28.04,-81.96,3,MIAMIGARDENS,33169,FL,US,27.8333,-81.717,25.77,-80.2
646,28.04,-81.96,1,SUNRISE,33351,FL,US,27.8333,-81.717,26.14,-80.13
530,41.93,-87.87,1,MINNEAPOLIS,55402,MN,US,45.7326,-93.9196,44.96,-93.26
646,28.04,-81.96,1,SARASOTA,34240,FL,US,27.8333,-81.717,27.33,-82.54
320,32.73,-96.29,2,ANAHEIM,92801,CA,US,36.17,-119.7462,33.84,-117.95
10,40.2,-77.2,2,WINCHESTER,22601,VA,US,37.768,-78.2057,39.17,-78.17
540,30.19,-82.64,1,ORLANDO,32810,FL,US,27.8333,-81.717,28.5,-81.37
663,38.39,-121.81,14,DIXON,95620,CA,US,36.17,-119.7462,38.39,-121.81
530,41.93,-87.87,4,NewAlbany,47150,IN,US,39.8647,-86.2604,38.3,-85.82
530,41.93,-87.87,1,MILWAUKEE,53214,WI,US,44.2563,-89.6385,43.06,-87.96
560,40.57,-112.33,5,SANDIEGO,92123,CA,US,36.17,-119.7462,32.8,-117.13
560,40.57,-112.33,1,LAKEWOOD,80227,CO,US,39.0646,-105.3272,39.76,-104.87
550,32.73,-96.29,1,HOUSTON,77011,TX,US,31.106,-97.6475,29.76,-95.38
560,40.57,-112.33,9,NAPA,94558,CA,US,36.17,-119.7462,38.55,-122.15
530,41.93,-87.87,5,LANSING,48930,MI,US,43.3504,-84.5603,42.7,-84.55
530,41.93,-87.87,4,GrandForks,58202,ND,US,47.5362,-99.793,47.91,-97.07
530,41.93,-87.87,1,HOLLAND,49423,MI,US,43.3504,-84.5603,42.77,-86.1
530,41.93,-87.87,1,MADISON,53725,WI,US,44.2563,-89.6385,43.07,-89.38
530,41.93,-87.87,5,NEWRICHMOND,54017,WI,US,44.2563,-89.6385,45.12,-92.53
530,41.93,-87.87,1,CHIPPEWAFALLS,54729,WI,US,44.2563,-89.6385,44.93,-91.39
530,41.93,-87.87,15,EAUCLAIRE,54701,WI,US,44.2563,-89.6385,44.82,-91.49
560,40.57,-112.33,1,EMERYVILLE,94608,CA,US,36.17,-119.7462,37.83,-122.29
560,40.57,-112.33,8,SALTLAKECITY,84115,UT,US,40.1135,-111.8535,40.71,-111.89
530,41.93,-87.87,1,APPLETON,54911,WI,US,44.2563,-89.6385,44.26,-88.39
530,41.93,-87.87,3,SAINTLOUIS,63110,MO,US,38.4623,-92.302,38.63,-90.24
530,41.93,-87.87,1,Dubuque,52003,IA,US,42.0046,-93.214,42.5,-90.69
91,40.57,-112.33,2,TULSA,74112,OK,US,35.5376,-96.9247,36.12,-95.91
91,40.57,-112.33,3,HOUSTON,77064,TX,US,31.106,-97.6475,29.76,-95.38
91,40.57,-112.33,2,SUGARLAND,77478,TX,US,31.106,-97.6475,29.61,-95.61
91,40.57,-112.33,1,TACOMA,98409,WA,US,47.3917,-121.5708,47.21,-122.47
530,41.93,-87.87,8,NORTHBROOK,60062,IL,US,40.3363,-89.0022,42.12,-87.83
591,40.57,-112.33,1,SantaCruz,95062,CA,US,36.17,-119.7462,36.97,-121.98
530,41.93,-87.87,1,STORMLAKE,50588,IA,US,42.0046,-93.214,42.64,-95.19
530,41.93,-87.87,2,ORLEANS,47452,IN,US,39.8647,-86.2604,38.66,-86.45
530,41.93,-87.87,2,INDIANAPOLIS,46231,IN,US,39.8647,-86.2604,39.77,-86.14
530,41.93,-87.87,5,SOUTHBEND,46601,IN,US,39.8647,-86.2604,41.67,-86.26
530,41.93,-87.87,1,SAINTCHARLES,63301,MO,US,38.4623,-92.302,38.79,-90.51
530,41.93,-87.87,1,SAINTLOUIS,63132,MO,US,38.4623,-92.302,38.63,-90.24
665,33.44,-112.13,4,PHOENIX,85013,AZ,US,33.7712,-111.3877,33.5,-112.08
300,33.04,-96.51,2,BRIGHTON,48116,MI,US,43.3504,-84.5603,42.53,-83.78
664,33.98,-117.65,1,WOODLANDHILLS,91367,CA,US,36.17,-119.7462,34.17,-118.61
664,33.98,-117.65,2,CANOGAPARK,91304,CA,US,36.17,-119.7462,34.22,-118.59
664,33.98,-117.65,1,MONTCLAIR,91763,CA,US,36.17,-119.7462,34.07,-117.7
664,33.98,-117.65,1,SUNVALLEY,91352,CA,US,36.17,-119.7462,34.23,-118.34
664,33.98,-117.65,2,VENTURA,93003,CA,US,36.17,-119.7462,34.28,-119.22
580,47.1,-122.32,4,HILLSBORO,97123,OR,US,44.5672,-122.1269,45.44,-122.96
580,47.1,-122.32,3,AUBURN,98002,WA,US,47.3917,-121.5708,47.31,-122.2
664,33.98,-117.65,1,SANDIEGO,92108,CA,US,36.17,-119.7462,32.77,-117.1
664,33.98,-117.65,3,SANDIEGO,92111,CA,US,36.17,-119.7462,32.8,-117.16
664,33.98,-117.65,7,SANMARCOS,92069,CA,US,36.17,-119.7462,33.15,-117.17
664,33.98,-117.65,8,VISTA,92081,CA,US,36.17,-119.7462,33.18,-117.24
664,33.98,-117.65,1,LOSANGELES,90033,CA,US,36.17,-119.7462,34.04,-118.21
664,33.98,-117.65,4,SIGNALHILL,90755,CA,US,36.17,-119.7462,33.8,-118.16
664,33.98,-117.65,1,VERNON,90058,CA,US,36.17,-119.7462,34,-118.21
664,33.98,-117.65,12,SANDIMAS,91773,CA,US,36.17,-119.7462,34.1,-117.81
664,33.98,-117.65,1,LAKEELSINORE,92530,CA,US,36.17,-119.7462,33.68,-117.37
664,33.98,-117.65,2,LAKEELSINORE,92532,CA,US,36.17,-119.7462,33.71,-117.34
664,33.98,-117.65,17,PERRIS,92570,CA,US,36.17,-119.7462,33.78,-117.33
664,33.98,-117.65,2,RIVERSIDE,92504,CA,US,36.17,-119.7462,33.9,-117.4
664,33.98,-117.65,2,TEMECULA,92592,CA,US,36.17,-119.7462,33.53,-117.04
300,33.04,-96.51,1,DERRY,3038,NH,US,43.4108,-71.5653,42.89,-71.28
300,33.04,-96.51,1,MIDLOTHIAN,23112,VA,US,37.768,-78.2057,37.5,-77.63
300,33.04,-96.51,1,BROKENARROW,74012,OK,US,35.5376,-96.9247,36.03,-95.78
300,33.04,-96.51,4,HOUSTON,77040,TX,US,31.106,-97.6475,29.76,-95.38
300,33.04,-96.51,1,CUDDY,15031,PA,US,40.5773,-77.264,40.36,-80.17
300,33.04,-96.51,3,SACRAMENTO,95838,CA,US,36.17,-119.7462,38.64,-121.44
300,33.04,-96.51,1,OREM,84058,UT,US,40.1135,-111.8535,40.29,-111.72
300,33.04,-96.51,2,ALBUQUERQUE,87107,NM,US,34.8375,-106.2371,35.11,-106.62
300,33.04,-96.51,1,CLOSTER,7624,NJ,US,40.314,-74.5089,40.97,-73.96
300,33.04,-96.51,2,MADISON,53718,WI,US,44.2563,-89.6385,43.07,-89.38
300,33.04,-96.51,1,DENVER,80223,CO,US,39.0646,-105.3272,39.76,-104.87
300,33.04,-96.51,1,BRONX,10475,NY,US,42.1497,-74.9384,40.84,-73.87
300,33.04,-96.51,1,SOMERSET,15501,PA,US,40.5773,-77.264,40,-79.07
300,33.04,-96.51,2,ELKHART,46514,IN,US,39.8647,-86.2604,41.68,-85.96
300,33.04,-96.51,2,SANANTONIO,78249,TX,US,31.106,-97.6475,29.45,-98.5
300,33.04,-96.51,2,TUSCALOOSA,35401,AL,US,32.799,-86.8073,33.23,-87.54
300,33.04,-96.51,3,HOUSTON,77008,TX,US,31.106,-97.6475,29.76,-95.38
300,33.04,-96.51,3,OAKLAND,94608,CA,US,36.17,-119.7462,37.83,-122.29
300,33.04,-96.51,2,KISSIMMEE,34744,FL,US,27.8333,-81.717,28.3,-81.41
300,33.04,-96.51,1,TUCSON,85713,AZ,US,33.7712,-111.3877,32.19,-110.98
300,33.04,-96.51,2,MIAMI,33169,FL,US,27.8333,-81.717,25.77,-80.2
300,33.04,-96.51,3,ATLANTA,30312,GA,US,32.9866,-83.6487,33.74,-84.37
300,33.04,-96.51,6,DORAVILLE,30340,GA,US,32.9866,-83.6487,33.89,-84.25
646,28.04,-81.96,1,GLENDALE,11385,NY,US,42.1497,-74.9384,40.7,-73.89
646,28.04,-81.96,1,JERSEYCITY,7302,NJ,US,40.314,-74.5089,40.71,-74.06
643,40.57,-112.33,1,SALTLAKECITY,84101,UT,US,40.1135,-111.8535,40.75,-111.9
70,38.88,-89.4,1,LANSING,48930,MI,US,43.3504,-84.5603,42.7,-84.55
70,38.88,-89.4,3,SOUTHFIELD,48034,MI,US,43.3504,-84.5603,42.47,-83.25
70,38.88,-89.4,1,ORLEANS,47452,IN,US,39.8647,-86.2604,38.66,-86.45
570,39.8,-79.8,4,LEBANON,17042,PA,US,40.5773,-77.264,40.34,-76.42
70,38.88,-89.4,1,FortWorth,76112,TX,US,31.106,-97.6475,32.75,-97.33
70,38.88,-89.4,1,Garland,75041,TX,US,31.106,-97.6475,32.91,-96.62
646,28.04,-81.96,1,DEFUNIAKSPRINGS,32435,FL,US,27.8333,-81.717,30.74,-86.19
643,40.57,-112.33,1,CENTERVILLE,84014,UT,US,40.1135,-111.8535,40.93,-111.88
570,39.8,-79.8,1,MONESSEN,15062,PA,US,40.5773,-77.264,40.15,-79.88
10,40.2,-77.2,1,KANSASCITY,66106,KS,US,38.5111,-96.8005,39.1,-94.62
646,28.04,-81.96,1,BATONROUGE,70807,LA,US,31.1801,-91.8749,30.44,-91.12
646,28.04,-81.96,1,LAKECHARLES,70601,LA,US,31.1801,-91.8749,30.21,-93.2
643,40.57,-112.33,1,OGDEN,84404,UT,US,40.1135,-111.8535,41.24,-112.13
643,40.57,-112.33,6,SALTLAKECITY,84115,UT,US,40.1135,-111.8535,40.71,-111.89
320,32.73,-96.29,1,KENNER,70063,LA,US,31.1801,-91.8749,29.99,-90.24
90,34.61,-89.97,1,BELOIT,53511,WI,US,44.2563,-89.6385,42.52,-89.02
90,34.61,-89.97,1,PEWAUKEE,53072,WI,US,44.2563,-89.6385,43.08,-88.25
646,28.04,-81.96,1,SAINTPETERSBURG,33716,FL,US,27.8333,-81.717,27.75,-82.64
90,34.61,-89.97,1,KIRKSVILLE,63501,MO,US,38.4623,-92.302,40.19,-92.57
90,34.61,-89.97,1,SAINTLOUIS,63114,MO,US,38.4623,-92.302,38.63,-90.24
646,28.04,-81.96,8,SUNRISE,33326,FL,US,27.8333,-81.717,26.11,-80.39
560,40.57,-112.33,1,ALBUQUERQUE,87109,NM,US,34.8375,-106.2371,35.11,-106.62
10,40.2,-77.2,1,OVERLAND,63114,MO,US,38.4623,-92.302,38.63,-90.24
10,40.2,-77.2,1,CONCORD,28027,NC,US,35.6411,-79.8431,35.4,-80.59
10,40.2,-77.2,1,LODI,7644,NJ,US,40.314,-74.5089,40.87,-74.08
10,40.2,-77.2,2,SOUTHBOUNDBROOK,8880,NJ,US,40.314,-74.5089,40.55,-74.52
320,32.73,-96.29,1,CHARLOTTE,28216,NC,US,35.6411,-79.8431,35.19,-80.83
310,40.2,-77.2,1,NEWBRUNSWICK,8901,NJ,US,40.314,-74.5089,40.48,-74.44
300,33.04,-96.51,2,FORTWORTH,76110,TX,US,31.106,-97.6475,32.75,-97.33
642,39.69,-104.81,1,JOHNSTOWN,80534,CO,US,39.0646,-105.3272,40.33,-104.91
642,39.69,-104.81,2,LONGMONT,80501,CO,US,39.0646,-105.3272,40.17,-105.11
646,28.04,-81.96,1,PRESTONSBURG,41653,KY,US,37.669,-84.6514,37.67,-82.76
646,28.04,-81.96,1,WESTCHESTER,45011,OH,US,40.3736,-82.7755,39.39,-84.56
580,47.1,-122.32,1,EDMONDS,98026,WA,US,47.3917,-121.5708,47.83,-122.32
310,40.2,-77.2,1,ROCHESTER,14606,NY,US,42.1497,-74.9384,43.16,-77.61
300,33.04,-96.51,1,COLUMBUS,31904,GA,US,32.9866,-83.6487,32.51,-84.87
1661,47.1,-122.32,3,SALEM,97302,OR,US,44.5672,-122.1269,44.9,-123.06
300,33.04,-96.51,1,LINTHICUMHEIGHTS,21090,MD,US,39.0724,-76.7902,39.2,-76.66
1661,47.1,-122.32,2,SPOKANE,99212,WA,US,47.3917,-121.5708,47.65,-117.31
1661,47.1,-122.32,3,ABERDEEN,98520,WA,US,47.3917,-121.5708,46.88,-123.99
1661,47.1,-122.32,1,COEURDALENE,83815,ID,US,44.2394,-114.5103,47.72,-116.75
1661,47.1,-122.32,2,MISSOULA,59808,MT,US,46.9048,-110.3261,46.98,-114.12
1661,47.1,-122.32,3,SPOKANE,99218,WA,US,47.3917,-121.5708,47.75,-117.43
1661,47.1,-122.32,2,THEDALLES,97058,OR,US,44.5672,-122.1269,45.54,-121.15
1661,47.1,-122.32,3,HAPPYVALLEY,97086,OR,US,44.5672,-122.1269,45.44,-122.52
1661,47.1,-122.32,1,TROUTDALE,97060,OR,US,44.5672,-122.1269,45.52,-122.35
1661,47.1,-122.32,2,PORTLAND,97216,OR,US,44.5672,-122.1269,45.51,-122.55
320,32.73,-96.29,1,SEATTLE,98108,WA,US,47.3917,-121.5708,47.54,-122.31
1661,47.1,-122.32,1,HILLSBORO,97123,OR,US,44.5672,-122.1269,45.44,-122.96
1661,47.1,-122.32,4,BEND,97701,OR,US,44.5672,-122.1269,44.07,-121.25
1661,47.1,-122.32,3,PORTLAND,97229,OR,US,44.5672,-122.1269,45.55,-122.81
10,40.2,-77.2,1,HARRISON,7029,NJ,US,40.314,-74.5089,40.74,-74.15
10,40.2,-77.2,1,WALL,7719,NJ,US,40.314,-74.5089,40.17,-74.02
10,40.2,-77.2,1,GARDENCITY,11530,NY,US,42.1497,-74.9384,40.72,-73.64
10,40.2,-77.2,2,GOLDSBORO,27530,NC,US,35.6411,-79.8431,35.37,-77.97
10,40.2,-77.2,2,RALEIGH,27603,NC,US,35.6411,-79.8431,35.82,-78.65
10,40.2,-77.2,1,WILLIAMSPORT,17701,PA,US,40.5773,-77.264,41.23,-77.03
10,40.2,-77.2,1,FAYETTEVILLE,13066,NY,US,42.1497,-74.9384,43.02,-76
10,40.2,-77.2,1,WESTSENECA,14224,NY,US,42.1497,-74.9384,42.88,-78.85
10,40.2,-77.2,2,CRANSTON,2910,RI,US,41.6772,-71.5101,41.76,-71.48
10,40.2,-77.2,4,SOMERVILLE,2143,MA,US,42.2373,-71.5314,42.39,-71.1
1661,47.1,-122.32,3,TIGARD,97224,OR,US,44.5672,-122.1269,45.4,-122.79
1661,47.1,-122.32,1,SALEM,97317,OR,US,44.5672,-122.1269,44.9,-122.89
1661,47.1,-122.32,2,BOZEMAN,59718,MT,US,46.9048,-110.3261,45.65,-111.17
320,32.73,-96.29,2,GYPSUM,81637,CO,US,39.0646,-105.3272,39.64,-106.94
570,39.8,-79.8,1,Brunswick,44212,OH,US,40.3736,-82.7755,41.24,-81.82
320,32.73,-96.29,2,Greenville,62246,IL,US,40.3363,-89.0022,38.88,-89.4
320,32.73,-96.29,3,MIAMI,33150,FL,US,27.8333,-81.717,25.77,-80.2
530,41.93,-87.87,6,FARGO,58102,ND,US,47.5362,-99.793,46.87,-96.81
10,40.2,-77.2,1,SYRACUSE,13211,NY,US,42.1497,-74.9384,43.04,-76.14
664,33.98,-117.65,3,APPLEVALLEY,92307,CA,US,36.17,-119.7462,34.57,-117.15
664,33.98,-117.65,4,ORANGE,92869,CA,US,36.17,-119.7462,33.79,-117.78
664,33.98,-117.65,2,SANTAANA,92707,CA,US,36.17,-119.7462,33.71,-117.87
570,39.8,-79.8,1,BREEZEWOOD,15533,PA,US,40.5773,-77.264,39.99,-78.24
570,39.8,-79.8,2,CUMBERLAND,21502,MD,US,39.0724,-76.7902,39.65,-78.76
550,32.73,-96.29,1,HOUSTON,77044,TX,US,31.106,-97.6475,29.76,-95.38
530,41.93,-87.87,2,Annandale,55302,MN,US,45.7326,-93.9196,45.26,-94.11
530,41.93,-87.87,1,CLEARLAKE,55319,MN,US,45.7326,-93.9196,45.44,-93.99
560,40.57,-112.33,2,PHOENIX,85009,AZ,US,33.7712,-111.3877,33.44,-112.13
10,40.2,-77.2,1,CLARKSBURG,26301,WV,US,38.468,-80.9696,39.28,-80.33
10,40.2,-77.2,1,WASHINGTON,26181,WV,US,38.468,-80.9696,39.24,-81.67
90,34.61,-89.97,1,FORTLAUDERDALE,33308,FL,US,27.8333,-81.717,26.14,-80.13
90,34.61,-89.97,1,FORTLAUDERDALE,33315,FL,US,27.8333,-81.717,26.14,-80.13
1520,41.52,-74.23,2,CLIFTON,7011,NJ,US,40.314,-74.5089,40.86,-74.15
580,47.1,-122.32,1,PORTLAND,97211,OR,US,44.5672,-122.1269,45.57,-122.62
646,28.04,-81.96,1,GOLDSBORO,27530,NC,US,35.6411,-79.8431,35.37,-77.97
10,40.2,-77.2,2,MALVERN,19355,PA,US,40.5773,-77.264,40.03,-75.51
646,28.04,-81.96,1,SUGARCREEK,44681,OH,US,40.3736,-82.7755,40.5,-81.64
530,41.93,-87.87,15,ROMEOVILLE,60446,IL,US,40.3363,-89.0022,41.64,-88.08
90,34.61,-89.97,2,Denton,76208,TX,US,31.106,-97.6475,33.21,-97.13
550,32.73,-96.29,1,WACO,76712,TX,US,31.106,-97.6475,31.49,-97.23
646,28.04,-81.96,1,CORALSPRINGS,33067,FL,US,27.8333,-81.717,26.23,-80.13
530,41.93,-87.87,3,CINCINNATI,45246,OH,US,40.3736,-82.7755,39.09,-84.51
530,41.93,-87.87,1,DAYTON,45414,OH,US,40.3736,-82.7755,39.77,-84.19
550,32.73,-96.29,1,HOUSTON,77095,TX,US,31.106,-97.6475,29.76,-95.38
646,28.04,-81.96,1,ORLANDO,32805,FL,US,27.8333,-81.717,28.5,-81.37
550,32.73,-96.29,7,CLOVIS,88103,NM,US,34.8375,-106.2371,34.38,-103.31
90,34.61,-89.97,1,Orlando,32805,FL,US,27.8333,-81.717,28.5,-81.37
90,34.61,-89.97,1,Tampa,33605,FL,US,27.8333,-81.717,27.95,-82.48
663,38.39,-121.81,2,PARKCITY,84060,UT,US,40.1135,-111.8535,40.64,-111.49
70,38.88,-89.4,1,PORTALLEN,70767,LA,US,31.1801,-91.8749,30.45,-91.2
10,40.2,-77.2,5,NORTHWALES,19454,PA,US,40.5773,-77.264,40.21,-75.27
570,39.8,-79.8,3,GREENSBORO,27407,NC,US,35.6411,-79.8431,36.07,-79.82
310,40.2,-77.2,1,TAMPA,33610,FL,US,27.8333,-81.717,27.95,-82.48
570,39.8,-79.8,4,BELTSVILLE,20705,MD,US,39.0724,-76.7902,39.03,-76.92
550,32.73,-96.29,2,AMARILLO,79103,TX,US,31.106,-97.6475,35.2,-101.81
530,41.93,-87.87,1,MADISON,53718,WI,US,44.2563,-89.6385,43.07,-89.38
310,40.2,-77.2,1,ASHBURN,20147,VA,US,37.768,-78.2057,39.04,-77.48
665,33.44,-112.13,1,AVONDALE,85323,AZ,US,33.7712,-111.3877,33.44,-112.31
665,33.44,-112.13,2,GLENDALE,85308,AZ,US,33.7712,-111.3877,33.66,-112.18
665,33.44,-112.13,1,PHOENIX,85017,AZ,US,33.7712,-111.3877,33.5,-112.12
665,33.44,-112.13,2,PHOENIX,85023,AZ,US,33.7712,-111.3877,33.63,-112.09
665,33.44,-112.13,1,PHOENIX,85043,AZ,US,33.7712,-111.3877,33.42,-112.2
665,33.44,-112.13,4,SURPRISE,85374,AZ,US,33.7712,-111.3877,33.64,-112.38
310,40.2,-77.2,1,STANTON,19804,DE,US,39.3498,-75.5148,39.73,-75.53
540,30.19,-82.64,4,COLUMBIA,29201,SC,US,33.8191,-80.9066,34,-81.03
570,39.8,-79.8,3,WYTHEVILLE,24382,VA,US,37.768,-78.2057,36.95,-81.08
570,39.8,-79.8,1,ROANOKE,24018,VA,US,37.768,-78.2057,37.27,-79.95
91,40.57,-112.33,1,GRANITEBAY,95746,CA,US,36.17,-119.7462,38.76,-121.16
91,40.57,-112.33,2,ORANGE,92867,CA,US,36.17,-119.7462,33.81,-117.79
91,40.57,-112.33,5,LYNNWOOD,98036,WA,US,47.3917,-121.5708,47.8,-122.28
91,40.57,-112.33,3,TACOMA,98445,WA,US,47.3917,-121.5708,47.13,-122.4
591,40.57,-112.33,2,ELCAJON,92020,CA,US,36.17,-119.7462,32.79,-116.96
320,32.73,-96.29,2,SANTAANA,92705,CA,US,36.17,-119.7462,33.76,-117.79
320,32.73,-96.29,1,WAYNE,7470,NJ,US,40.314,-74.5089,40.94,-74.24
320,32.73,-96.29,1,BEND,97702,OR,US,44.5672,-122.1269,43.98,-121.27
320,32.73,-96.29,1,TACOMA,98421,WA,US,47.3917,-121.5708,47.26,-122.39
1520,41.52,-74.23,6,MALVERN,19355,PA,US,40.5773,-77.264,40.03,-75.51
1661,47.1,-122.32,8,TACOMA,98446,WA,US,47.3917,-121.5708,47.13,-122.37
570,39.8,-79.8,1,CHARLOTTESVILLE,22901,VA,US,37.768,-78.2057,38.03,-78.48
550,32.73,-96.29,11,POINTCOMFORT,77978,TX,US,31.106,-97.6475,28.67,-96.55
643,40.57,-112.33,2,RIVERTON,84065,UT,US,40.1135,-111.8535,40.47,-112
643,40.57,-112.33,1,RICHFIELD,84701,UT,US,40.1135,-111.8535,38.75,-112.1
1661,47.1,-122.32,13,BOARDMAN,97818,OR,US,44.5672,-122.1269,45.77,-119.52
643,40.57,-112.33,1,SAINTGEORGE,84770,UT,US,40.1135,-111.8535,37.18,-113.6
70,38.88,-89.4,1,SAVANNAH,31408,GA,US,32.9866,-83.6487,32.08,-81.1
662,61.22,-149.85,3,KENAI,99611,AK,US,61.385,-152.2683,60.66,-150.9
540,30.19,-82.64,1,HARVEY,70058,LA,US,31.1801,-91.8749,29.88,-90.06
570,39.8,-79.8,3,WASHINGTON,20016,DC,US,38.8964,-77.0262,38.89,-77.03
310,40.2,-77.2,2,AVON,2322,MA,US,42.2373,-71.5314,42.11,-71.03
1520,41.52,-74.23,4,CHARLOTTESVILLE,22901,VA,US,37.768,-78.2057,38.03,-78.48
90,34.61,-89.97,1,ROCKYMOUNT,27815,NC,US,35.6411,-79.8431,35.92,-77.67
1520,41.52,-74.23,6,ROCHESTER,14605,NY,US,42.1497,-74.9384,43.16,-77.61
1520,41.52,-74.23,5,BROCKTON,2301,MA,US,42.2373,-71.5314,42.08,-71.02
580,47.1,-122.32,7,KENT,98032,WA,US,47.3917,-121.5708,47.39,-122.26
1520,41.52,-74.23,1,EXETER,3833,NH,US,43.4108,-71.5653,42.97,-70.94
1520,41.52,-74.23,7,MANCHESTER,3103,NH,US,43.4108,-71.5653,42.99,-71.45
530,41.93,-87.87,1,HAMMOND,46323,IN,US,39.8647,-86.2604,41.62,-87.49
580,47.1,-122.32,5,BOTHELL,98012,WA,US,47.3917,-121.5708,47.84,-122.19
540,30.19,-82.64,1,SHALIMAR,32579,FL,US,27.8333,-81.717,30.44,-86.57
540,30.19,-82.64,1,BELLEGLADE,33430,FL,US,27.8333,-81.717,26.68,-80.67
540,30.19,-82.64,2,MIAMI,33179,FL,US,27.8333,-81.717,25.77,-80.2
540,30.19,-82.64,1,ORLANDO,32839,FL,US,27.8333,-81.717,28.5,-81.37
540,30.19,-82.64,11,GREER,29651,SC,US,33.8191,-80.9066,34.93,-82.23
540,30.19,-82.64,5,CHARLOTTE,28273,NC,US,35.6411,-79.8431,35.19,-80.83
540,30.19,-82.64,5,DURHAM,27703,NC,US,35.6411,-79.8431,35.98,-78.91
540,30.19,-82.64,2,CHARLOTTESVILLE,22911,VA,US,37.768,-78.2057,38.03,-78.48
570,39.8,-79.8,4,BALTIMORE,21215,MD,US,39.0724,-76.7902,39.3,-76.61
641,41.22,-96.48,1,SOLON,44139,OH,US,40.3736,-82.7755,41.38,-81.44
642,39.69,-104.81,1,BILLINGS,59101,MT,US,46.9048,-110.3261,45.65,-108.38
570,39.8,-79.8,3,FAIRFIELD,45014,OH,US,40.3736,-82.7755,39.33,-84.54
10,40.2,-77.2,5,COLUMBUS,43201,OH,US,40.3736,-82.7755,39.98,-82.98
10,40.2,-77.2,1,LEWISCENTER,43035,OH,US,40.3736,-82.7755,40.18,-82.99
642,39.69,-104.81,1,ALBUQUERQUE,87110,NM,US,34.8375,-106.2371,35.11,-106.62
70,38.88,-89.4,1,FONDDULAC,54935,WI,US,44.2563,-89.6385,43.77,-88.44
70,38.88,-89.4,2,PEWAUKEE,53072,WI,US,44.2563,-89.6385,43.08,-88.25
550,32.73,-96.29,1,MCPHERSON,67460,KS,US,38.5111,-96.8005,38.36,-97.66
90,34.61,-89.97,1,HOUSTON,77090,TX,US,31.106,-97.6475,29.76,-95.38
70,38.88,-89.4,1,MILLSTADT,62260,IL,US,40.3363,-89.0022,38.45,-90.09
70,38.88,-89.4,1,SAINTLOUIS,63110,MO,US,38.4623,-92.302,38.63,-90.24
570,39.8,-79.8,1,MANCHESTER,3103,NH,US,43.4108,-71.5653,42.99,-71.45
570,39.8,-79.8,1,PELHAM,3076,NH,US,43.4108,-71.5653,42.73,-71.31
1661,47.1,-122.32,1,FEDERALWAY,98003,WA,US,47.3917,-121.5708,47.3,-122.31
1661,47.1,-122.32,1,KENT,98032,WA,US,47.3917,-121.5708,47.39,-122.26
1661,47.1,-122.32,2,TUKWILA,98188,WA,US,47.3917,-121.5708,47.44,-122.28
664,33.98,-117.65,1,LEMONGROVE,91945,CA,US,36.17,-119.7462,32.73,-117.03
664,33.98,-117.65,2,SANDIEGO,92154,CA,US,36.17,-119.7462,32.56,-117.01
664,33.98,-117.65,1,OCEANSIDE,92056,CA,US,36.17,-119.7462,33.2,-117.29
664,33.98,-117.65,2,OCEANSIDE,92057,CA,US,36.17,-119.7462,33.27,-117.28
664,33.98,-117.65,1,ELCAJON,92020,CA,US,36.17,-119.7462,32.79,-116.96
664,33.98,-117.65,4,LAQUINTA,92253,CA,US,36.17,-119.7462,33.65,-116.27
664,33.98,-117.65,2,INDIO,92203,CA,US,36.17,-119.7462,33.75,-116.23
664,33.98,-117.65,2,YUCCAVALLEY,92284,CA,US,36.17,-119.7462,34.15,-116.41
664,33.98,-117.65,2,ESCONDIDO,92029,CA,US,36.17,-119.7462,33.08,-117.13
664,33.98,-117.65,5,PALMSPRINGS,92264,CA,US,36.17,-119.7462,33.72,-116.51
540,30.19,-82.64,1,MIAMI,33015,FL,US,27.8333,-81.717,25.86,-80.29
1520,41.52,-74.23,6,BUFFALO,14206,NY,US,42.1497,-74.9384,42.88,-78.85
1520,41.52,-74.23,1,SOUTHHACKENSACK,7606,NJ,US,40.314,-74.5089,40.86,-74.04
1520,41.52,-74.23,2,WILKESBARRE,18701,PA,US,40.5773,-77.264,41.24,-75.87
642,39.69,-104.81,1,DENVER,80217,CO,US,39.0646,-105.3272,39.76,-104.87
1520,41.52,-74.23,1,LAMBERTVILLE,8530,NJ,US,40.314,-74.5089,40.36,-74.94
1520,41.52,-74.23,1,LEONARDO,7737,NJ,US,40.314,-74.5089,40.41,-74.06
1520,41.52,-74.23,1,PRINCETON,8540,NJ,US,40.314,-74.5089,40.35,-74.65
1520,41.52,-74.23,6,AVENEL,7001,NJ,US,40.314,-74.5089,40.58,-74.27
1520,41.52,-74.23,1,SPRINGFIELD,1129,MA,US,42.2373,-71.5314,42.11,-72.53
641,41.22,-96.48,6,GRAETTINGER,51342,IA,US,42.0046,-93.214,43.23,-94.75
1520,41.52,-74.23,4,COMMACK,11725,NY,US,42.1497,-74.9384,40.84,-73.28
550,32.73,-96.29,1,WICHITAFALLS,76302,TX,US,31.106,-97.6475,33.89,-98.51
560,40.57,-112.33,4,ELCAJON,92020,CA,US,36.17,-119.7462,32.79,-116.96
560,40.57,-112.33,2,LOSANGELES,90036,CA,US,36.17,-119.7462,34.06,-118.35
560,40.57,-112.33,5,ANAHEIM,92801,CA,US,36.17,-119.7462,33.84,-117.95
91,40.57,-112.33,1,FRESNO,93722,CA,US,36.17,-119.7462,36.79,-119.92
91,40.57,-112.33,2,SANJOSE,95125,CA,US,36.17,-119.7462,37.29,-121.88
646,28.04,-81.96,3,MIAMI,33147,FL,US,27.8333,-81.717,25.77,-80.2
550,32.73,-96.29,2,TULSA,74104,OK,US,35.5376,-96.9247,36.12,-95.91
550,32.73,-96.29,1,SUGARLAND,77478,TX,US,31.106,-97.6475,29.61,-95.61
1520,41.52,-74.23,2,SUMMIT,7901,NJ,US,40.314,-74.5089,40.71,-74.36
540,30.19,-82.64,1,CHARLESTON,29492,SC,US,33.8191,-80.9066,32.78,-79.99
70,38.88,-89.4,2,DORAVILLE,30360,GA,US,32.9866,-83.6487,33.76,-84.42
1520,41.52,-74.23,3,WORCESTER,1605,MA,US,42.2373,-71.5314,42.26,-71.8
1520,41.52,-74.23,1,ALLENTOWN,18103,PA,US,40.5773,-77.264,40.59,-75.47
665,33.44,-112.13,4,GLENDALE,85301,AZ,US,33.7712,-111.3877,33.53,-112.18
665,33.44,-112.13,4,TEMPE,85282,AZ,US,33.7712,-111.3877,33.4,-111.92
1520,41.52,-74.23,3,LOWELL,01852,MA,US,42.2373,-71.5314,42.63,-71.32
1520,41.52,-74.23,3,TREXLERTOWN,18087,PA,US,40.5773,-77.264,40.56,-75.6
1520,41.52,-74.23,1,YORK,17402,PA,US,40.5773,-77.264,39.96,-76.73
530,41.93,-87.87,1,Livonia,48150,MI,US,43.3504,-84.5603,42.39,-83.37
530,41.93,-87.87,1,Warren,48089,MI,US,43.3504,-84.5603,42.49,-83.02
91,40.57,-112.33,1,SANANTONIO,78216,TX,US,31.106,-97.6475,29.45,-98.5
646,28.04,-81.96,2,HOLIDAY,34690,FL,US,27.8333,-81.717,28.18,-82.74
646,28.04,-81.96,3,HUDSON,34667,FL,US,27.8333,-81.717,28.35,-82.69
646,28.04,-81.96,1,SEMINOLE,33777,FL,US,27.8333,-81.717,27.9,-82.78
646,28.04,-81.96,3,TAMPA,33619,FL,US,27.8333,-81.717,27.95,-82.48
1520,41.52,-74.23,7,HICKSVILLE,11801,NY,US,42.1497,-74.9384,40.76,-73.52
1520,41.52,-74.23,1,NEWARK,19716,DE,US,39.3498,-75.5148,39.67,-75.75
550,32.73,-96.29,1,CYPRESS,77429,TX,US,31.106,-97.6475,29.96,-95.69
1520,41.52,-74.23,1,FREEHOLD,7728,NJ,US,40.314,-74.5089,40.25,-74.27
1520,41.52,-74.23,1,SEWELL,8080,NJ,US,40.314,-74.5089,39.75,-75.09
1520,41.52,-74.23,2,SEEKONK,2771,MA,US,42.2373,-71.5314,41.81,-71.33
550,32.73,-96.29,9,MIDLAND,79706,TX,US,31.106,-97.6475,32.02,-102.1
663,38.39,-121.81,2,GILROY,95020,CA,US,36.17,-119.7462,37.06,-121.55
663,38.39,-121.81,2,MORGANHILL,95037,CA,US,36.17,-119.7462,37.17,-121.65
663,38.39,-121.81,2,SANJOSE,95125,CA,US,36.17,-119.7462,37.29,-121.88
663,38.39,-121.81,1,SANJOSE,95136,CA,US,36.17,-119.7462,37.27,-121.84
663,38.39,-121.81,3,SANLEANDRO,94577,CA,US,36.17,-119.7462,37.71,-122.16
663,38.39,-121.81,1,SOQUEL,95073,CA,US,36.17,-119.7462,37.02,-121.94
663,38.39,-121.81,1,SUNNYVALE,94086,CA,US,36.17,-119.7462,37.36,-122.02
663,38.39,-121.81,1,SUNNYVALE,94089,CA,US,36.17,-119.7462,37.42,-122
550,32.73,-96.29,3,HOUSTON,77051,TX,US,31.106,-97.6475,29.76,-95.38
663,38.39,-121.81,2,PONCHASPRINGS,81242,CO,US,39.0646,-105.3272,38.51,-106.07
560,40.57,-112.33,1,PORTERVILLE,93257,CA,US,36.17,-119.7462,35.96,-118.92
560,40.57,-112.33,2,WATSONVILLE,95076,CA,US,36.17,-119.7462,36.95,-121.72
1520,41.52,-74.23,1,LEWES,19958,DE,US,39.3498,-75.5148,38.76,-75.17
1520,41.52,-74.23,4,Warwick,2886,RI,US,41.6772,-71.5101,41.7,-71.42
665,33.44,-112.13,4,PHOENIX,85009,AZ,US,33.7712,-111.3877,33.44,-112.13
662,61.22,-149.85,2,FAIRBANKS,99701,AK,US,61.385,-152.2683,64.81,-147.72
662,61.22,-149.85,1,PRUDHOEBAY,99734,AK,US,61.385,-152.2683,70.01,-148.88
663,38.39,-121.81,1,ELKGROVE,95624,CA,US,36.17,-119.7462,38.44,-121.3
663,38.39,-121.81,2,RANCHOCORDOVA,95670,CA,US,36.17,-119.7462,38.6,-121.26
663,38.39,-121.81,1,RANCHOCORDOVA,95742,CA,US,36.17,-119.7462,38.57,-121.17
663,38.39,-121.81,2,RANCHOCORDOVA,95742,CA,US,36.17,-119.7462,38.57,-121.17
663,38.39,-121.81,1,STOCKTON,95212,CA,US,36.17,-119.7462,38.04,-121.2
663,38.39,-121.81,1,TRACY,95377,CA,US,36.17,-119.7462,37.62,-121.45
10,40.2,-77.2,1,AVENEL,7001,NJ,US,40.314,-74.5089,40.58,-74.27
10,40.2,-77.2,1,LAKEWOOD,08701,NJ,US,40.314,-74.5089,40.09,-74.21
1520,41.52,-74.23,1,STOWE,5672,VT,US,44.0407,-72.7093,44.46,-72.68
1520,41.52,-74.23,26,TONAWANDA,14150,NY,US,42.1497,-74.9384,43,-78.87
1520,41.52,-74.23,4,EATONTOWN,7724,NJ,US,40.314,-74.5089,40.29,-74.05
10,40.2,-77.2,2,TERRELL,75160,TX,US,31.106,-97.6475,32.73,-96.29
1520,41.52,-74.23,1,STAMFORD,6902,CT,US,41.5834,-72.7622,41.09,-73.55
1520,41.52,-74.23,1,FOXBORO,2035,MA,US,42.2373,-71.5314,42.06,-71.24
550,32.73,-96.29,1,HOUSTON,77056,TX,US,31.106,-97.6475,29.76,-95.38
1520,41.52,-74.23,2,BERWICK,18603,PA,US,40.5773,-77.264,41.05,-76.24
642,39.69,-104.81,1,MAPLETON,84664,UT,US,40.1135,-111.8535,40.11,-111.48
642,39.69,-104.81,9,TOOELE,84074,UT,US,40.1135,-111.8535,40.57,-112.33
1520,41.52,-74.23,3,ROCHESTER,14606,NY,US,42.1497,-74.9384,43.16,-77.61
1520,41.52,-74.23,4,ROCHESTER,14621,NY,US,42.1497,-74.9384,43.16,-77.61
550,32.73,-96.29,1,AUSTIN,78727,TX,US,31.106,-97.6475,30.26,-97.74
550,32.73,-96.29,2,SANANTONIO,78213,TX,US,31.106,-97.6475,29.45,-98.5
641,41.22,-96.48,1,NORTHWILKESBORO,28659,NC,US,35.6411,-79.8431,36.16,-81.14
550,32.73,-96.29,4,HOUSTON,77067,TX,US,31.106,-97.6475,29.76,-95.38
663,38.39,-121.81,1,WILLIAMS,95987,CA,US,36.17,-119.7462,39.11,-122.27
663,38.39,-121.81,4,VACAVILLE,95688,CA,US,36.17,-119.7462,38.41,-122.01
70,38.88,-89.4,1,AUSTIN,78759,TX,US,31.106,-97.6475,30.26,-97.74
550,32.73,-96.29,5,HOUSTON,77090,TX,US,31.106,-97.6475,29.76,-95.38
642,39.69,-104.81,2,GRANDJUNCTION,81505,CO,US,39.0646,-105.3272,39.08,-108.55
642,39.69,-104.81,2,MONTROSE,81401,CO,US,39.0646,-105.3272,38.49,-107.87
530,41.93,-87.87,6,BOLINGBROOK,60440,IL,US,40.3363,-89.0022,41.7,-88.07
663,38.39,-121.81,1,NORTHHIGHLANDS,95660,CA,US,36.17,-119.7462,38.66,-121.37
663,38.39,-121.81,9,SACRAMENTO,95826,CA,US,36.17,-119.7462,38.54,-121.38
550,32.73,-96.29,1,AMARILLO,79106,TX,US,31.106,-97.6475,35.2,-101.81
663,38.39,-121.81,5,WINDSOR,95492,CA,US,36.17,-119.7462,38.53,-122.81
646,28.04,-81.96,2,SARASOTA,34243,FL,US,27.8333,-81.717,27.33,-82.54
663,38.39,-121.81,2,CHINO,91710,CA,US,36.17,-119.7462,33.98,-117.65
664,33.98,-117.65,1,BAKERSFIELD,93313,CA,US,36.17,-119.7462,35.15,-119.06
665,33.44,-112.13,6,CASAGRANDE,85122,AZ,US,33.7712,-111.3877,32.91,-111.74
665,33.44,-112.13,1,GILBERT,85296,AZ,US,33.7712,-111.3877,33.3,-111.76
665,33.44,-112.13,2,MESA,85204,AZ,US,33.7712,-111.3877,33.39,-111.78
665,33.44,-112.13,6,MESA,85209,AZ,US,33.7712,-111.3877,33.37,-111.64
665,33.44,-112.13,2,TUCSON,85705,AZ,US,33.7712,-111.3877,32.26,-111
665,33.44,-112.13,2,TUCSON,85716,AZ,US,33.7712,-111.3877,32.24,-110.92
665,33.44,-112.13,2,TUCSON,85741,AZ,US,33.7712,-111.3877,32.33,-111.05
665,33.44,-112.13,2,TUCSON,85746,AZ,US,33.7712,-111.3877,32.09,-111.08
664,33.98,-117.65,3,BALDWINPARK,91706,CA,US,36.17,-119.7462,34.09,-117.96
664,33.98,-117.65,2,BURBANK,91502,CA,US,36.17,-119.7462,34.17,-118.31
664,33.98,-117.65,2,CITYOFINDUSTRY,91748,CA,US,36.17,-119.7462,33.97,-117.9
664,33.98,-117.65,2,COMMERCE,90040,CA,US,36.17,-119.7462,33.99,-118.14
664,33.98,-117.65,3,HUNTINGTONPARK,90255,CA,US,36.17,-119.7462,33.97,-118.21
664,33.98,-117.65,1,LOSANGELES,90065,CA,US,36.17,-119.7462,34.1,-118.22
664,33.98,-117.65,1,NORWALK,90650,CA,US,36.17,-119.7462,33.9,-118.07
664,33.98,-117.65,2,ANAHEIM,92801,CA,US,36.17,-119.7462,33.84,-117.95
664,33.98,-117.65,1,BREA,92821,CA,US,36.17,-119.7462,33.92,-117.86
664,33.98,-117.65,1,ORANGE,92867,CA,US,36.17,-119.7462,33.81,-117.79
664,33.98,-117.65,1,RANCHOSANTAMARGARI,92688,CA,US,36.17,-119.7462,33.61,-117.61
664,33.98,-117.65,1,SANTAANA,92704,CA,US,36.17,-119.7462,33.71,-117.9
664,33.98,-117.65,1,TUSTIN,92780,CA,US,36.17,-119.7462,33.74,-117.82
580,47.1,-122.32,1,NORTHRIDGE,91330,CA,US,36.17,-119.7462,34.24,-118.5
580,47.1,-122.32,5,COEURD'ALENE,83814,ID,US,44.2394,-114.5103,47.59,-116.91
1661,47.1,-122.32,7,DALLAS,97338,OR,US,44.5672,-122.1269,44.92,-123.34
580,47.1,-122.32,2,BELLINGHAM,98229,WA,US,47.3917,-121.5708,48.68,-122.41
662,61.22,-149.85,1,ANCHORAGE,99503,AK,US,61.385,-152.2683,61.18,-149.88
662,61.22,-149.85,1,ANCHORAGE,99504,AK,US,61.385,-152.2683,61.17,-149.63
662,61.22,-149.85,1,ANCHORAGE,99508,AK,US,61.385,-152.2683,61.2,-149.82
664,33.98,-117.65,2,VISTA,92083,CA,US,36.17,-119.7462,33.18,-117.24
664,33.98,-117.65,1,LAJOLLA,92037,CA,US,36.17,-119.7462,32.86,-117.24
300,33.04,-96.51,1,Fife,98424,WA,US,47.3917,-121.5708,47.23,-122.36
300,33.04,-96.51,1,MASPETH,11378,NY,US,42.1497,-74.9384,40.72,-73.9
300,33.04,-96.51,1,Columbia,29201,SC,US,33.8191,-80.9066,34,-81.03
300,33.04,-96.51,1,DALLAS,75247,TX,US,31.106,-97.6475,32.79,-96.76
300,33.04,-96.51,4,CARLISLE,17013,PA,US,40.5773,-77.264,40.2,-77.2
300,33.04,-96.51,2,GLENBURNIE,21060,MD,US,39.0724,-76.7902,39.16,-76.6
300,33.04,-96.51,1,SEVERN,21144,MD,US,39.0724,-76.7902,39.13,-76.69
320,32.73,-96.29,2,MCFARLAND,53558,WI,US,44.2563,-89.6385,43.01,-89.29
320,32.73,-96.29,8,DENVER,80239,CO,US,39.0646,-105.3272,39.76,-104.87
646,28.04,-81.96,2,LOGANTON,17747,PA,US,40.5773,-77.264,41.03,-77.3
300,33.04,-96.51,1,OKLAHOMACITY,73126,OK,US,35.5376,-96.9247,35.46,-97.51
300,33.04,-96.51,1,Greenville,29615,SC,US,33.8191,-80.9066,34.83,-82.37
300,33.04,-96.51,1,NORTHCHARLESTON,29405,SC,US,33.8191,-80.9066,32.78,-79.99
300,33.04,-96.51,1,ANAHEIM,92801,CA,US,36.17,-119.7462,33.84,-117.95
300,33.04,-96.51,1,CINCINNATI,45203,OH,US,40.3736,-82.7755,39.09,-84.51
300,33.04,-96.51,1,DALLAS,75207,TX,US,31.106,-97.6475,32.79,-96.76
300,33.04,-96.51,1,BATONROUGE,70806,LA,US,31.1801,-91.8749,30.44,-91.12
300,33.04,-96.51,2,HARAHAN,70123,LA,US,31.1801,-91.8749,30.06,-89.93
300,33.04,-96.51,2,TALLAHASSEE,32304,FL,US,27.8333,-81.717,30.45,-84.28
300,33.04,-96.51,1,HOTSPRINGS,71901,AR,US,34.9513,-92.3809,34.5,-93.05
300,33.04,-96.51,2,SANFERNANDO,91340,CA,US,36.17,-119.7462,34.28,-118.44
300,33.04,-96.51,1,NASHVILLE,37207,TN,US,35.7449,-86.7489,36.17,-86.78
300,33.04,-96.51,1,FLORENCE,41042,KY,US,37.669,-84.6514,38.99,-84.64
300,33.04,-96.51,1,JOLIET,60431,IL,US,40.3363,-89.0022,41.52,-88.12
300,33.04,-96.51,3,CATAWBA,28609,NC,US,35.6411,-79.8431,35.7,-81.07
300,33.04,-96.51,2,MANCHESTER,03109,NH,US,43.4108,-71.5653,42.99,-71.45
300,33.04,-96.51,1,KEARNEY,68847,NE,US,41.1289,-98.2883,40.7,-99.08
300,33.04,-96.51,1,CHELMSFORD,01824,MA,US,42.2373,-71.5314,42.59,-71.36
300,33.04,-96.51,2,Augusta,30909,GA,US,32.9866,-83.6487,33.45,-81.99
300,33.04,-96.51,1,Winterville,28590,NC,US,35.6411,-79.8431,35.52,-77.39
300,33.04,-96.51,1,PORTSMOUTH,3801,NH,US,43.4108,-71.5653,43.05,-70.78
300,33.04,-96.51,3,ROCKHILL,29730,SC,US,33.8191,-80.9066,34.93,-81.02
300,33.04,-96.51,2,FORTLAUDERDALE,33312,FL,US,27.8333,-81.717,26.14,-80.13
300,33.04,-96.51,1,RADCLIFF,40160,KY,US,37.669,-84.6514,37.82,-85.94
300,33.04,-96.51,2,OCALA,34470,FL,US,27.8333,-81.717,29.18,-82.13
300,33.04,-96.51,2,MISSION,78572,TX,US,31.106,-97.6475,26.21,-98.31
300,33.04,-96.51,2,HOUSTON,77070,TX,US,31.106,-97.6475,29.76,-95.38
320,32.73,-96.29,1,STPAUL,55114,MN,US,45.7326,-93.9196,44.94,-93.1
646,28.04,-81.96,1,BIRMINGHAM,35217,AL,US,32.799,-86.8073,33.52,-86.79
646,28.04,-81.96,1,HARDEEVILLE,29927,SC,US,33.8191,-80.9066,32.27,-81.07
90,34.61,-89.97,1,ONTARIO,91762,CA,US,36.17,-119.7462,34.04,-117.67
646,28.04,-81.96,1,BINGHAMTON,13903,NY,US,42.1497,-74.9384,42.1,-75.91
10,40.2,-77.2,1,BISMARCK,58504,ND,US,47.5362,-99.793,46.8,-100.76
10,40.2,-77.2,1,SAXONBURG,16056,PA,US,40.5773,-77.264,40.75,-79.81
10,40.2,-77.2,1,ALLENTOWN,18102,PA,US,40.5773,-77.264,40.59,-75.47
10,40.2,-77.2,2,POTTSVILLE,17901,PA,US,40.5773,-77.264,40.67,-76.2
70,38.88,-89.4,3,Columbus,31907,GA,US,32.9866,-83.6487,32.51,-84.87
70,38.88,-89.4,3,MINNEAPOLIS,55407,MN,US,45.7326,-93.9196,44.96,-93.26
300,33.04,-96.51,1,OKLAHOMACITY,73108,OK,US,35.5376,-96.9247,35.46,-97.51
1520,41.52,-74.23,5,LONGISLANDCITY,11101,NY,US,42.1497,-74.9384,40.74,-73.93
530,41.93,-87.87,2,CEDARRAPIDS,52404,IA,US,42.0046,-93.214,41.97,-91.66
530,41.93,-87.87,1,HOBART,46342,IN,US,39.8647,-86.2604,41.53,-87.26
70,38.88,-89.4,1,BROCKTON,2301,MA,US,42.2373,-71.5314,42.08,-71.02
530,41.93,-87.87,1,FREEPORT,61032,IL,US,40.3363,-89.0022,42.29,-89.63
10,40.2,-77.2,2,FREDERICK,21704,MD,US,39.0724,-76.7902,39.42,-77.41
530,41.93,-87.87,7,ZEELAND,49464,MI,US,43.3504,-84.5603,42.81,-86.01
70,38.88,-89.4,2,GRANDRAPIDS,49548,MI,US,43.3504,-84.5603,42.96,-85.65
530,41.93,-87.87,4,VERMONTVILLE,49096,MI,US,43.3504,-84.5603,42.62,-85.02
530,41.93,-87.87,2,SAGINAW,48601,MI,US,43.3504,-84.5603,43.41,-83.94
10,40.2,-77.2,2,Greensboro,27407,NC,US,35.6411,-79.8431,36.07,-79.82
530,41.93,-87.87,2,BUCKNER,40010,KY,US,37.669,-84.6514,38.38,-85.43
530,41.93,-87.87,1,JEFFERSONVILLE,47130,IN,US,39.8647,-86.2604,38.3,-85.72
70,38.88,-89.4,1,DESPLAINES,60018,IL,US,40.3363,-89.0022,42.03,-87.9
70,38.88,-89.4,4,GLENDALEHEIGHTS,60139,IL,US,40.3363,-89.0022,41.92,-88.07
1520,41.52,-74.23,1,Stratford,6615,CT,US,41.5834,-72.7622,41.2,-73.13
570,39.8,-79.8,1,FRANKLIN,23851,VA,US,37.768,-78.2057,36.68,-76.93
570,39.8,-79.8,1,BRIDGEPORT,26330,WV,US,38.468,-80.9696,39.29,-80.25
642,39.69,-104.81,1,DENVER,80220,CO,US,39.0646,-105.3272,39.76,-104.87
70,38.88,-89.4,1,MONROE,45050,OH,US,40.3736,-82.7755,39.44,-84.34
310,40.2,-77.2,1,PATCHOGUE,11772,NY,US,42.1497,-74.9384,40.76,-73.01
310,40.2,-77.2,1,BRADDOCK,15104,PA,US,40.5773,-77.264,40.4,-79.86
530,41.93,-87.87,1,Newburg,53060,WI,US,44.2563,-89.6385,43.43,-88.04
310,40.2,-77.2,1,STERLING,20166,VA,US,37.768,-78.2057,39,-77.4
10,40.2,-77.2,1,DALLAS,75220,TX,US,31.106,-97.6475,32.79,-96.76
1661,47.1,-122.32,3,PORTLAND,97217,OR,US,44.5672,-122.1269,45.58,-122.7
1661,47.1,-122.32,2,PHOENIX,97535,OR,US,44.5672,-122.1269,42.26,-122.81
1520,41.52,-74.23,1,BROOKLYN,11205,NY,US,42.1497,-74.9384,40.64,-73.94
1661,47.1,-122.32,1,HERMISTON,97838,OR,US,44.5672,-122.1269,45.85,-119.21
1661,47.1,-122.32,3,EUGENE,97402,OR,US,44.5672,-122.1269,44.04,-123.22
1661,47.1,-122.32,1,OMAK,98841,WA,US,47.3917,-121.5708,48.36,-119.27
1661,47.1,-122.32,1,SEQUIM,98382,WA,US,47.3917,-121.5708,48.06,-123.06
1661,47.1,-122.32,1,BEAVERTON,97005,OR,US,44.5672,-122.1269,45.49,-122.8
1661,47.1,-122.32,1,HELENA,59602,MT,US,46.9048,-110.3261,46.76,-112.01
1661,47.1,-122.32,1,KALISPELL,59901,MT,US,46.9048,-110.3261,48.19,-114.38
1661,47.1,-122.32,2,LEWISTON,83501,ID,US,44.2394,-114.5103,46.16,-116.92
643,40.57,-112.33,3,MAPLETON,84664,UT,US,40.1135,-111.8535,40.11,-111.48
643,40.57,-112.33,2,PROVO,84601,UT,US,40.1135,-111.8535,40.22,-111.69
90,34.61,-89.97,1,DALLAS,75228,TX,US,31.106,-97.6475,32.79,-96.76
70,38.88,-89.4,1,ORLANDO,32826,FL,US,27.8333,-81.717,28.5,-81.37
540,30.19,-82.64,2,Slidell,70458,LA,US,31.1801,-91.8749,30.28,-89.77
70,38.88,-89.4,1,BOLINGBROOK,60440,IL,US,40.3363,-89.0022,41.7,-88.07
570,39.8,-79.8,1,CANONSBURG,15317,PA,US,40.5773,-77.264,40.26,-80.18
570,39.8,-79.8,4,Cleveland,44135,OH,US,40.3736,-82.7755,41.47,-81.67
570,39.8,-79.8,2,DUBOIS,15801,PA,US,40.5773,-77.264,41.14,-78.73
663,38.39,-121.81,5,SANFRANCISCO,94124,CA,US,36.17,-119.7462,37.73,-122.38
570,39.8,-79.8,2,BUTLER,16001,PA,US,40.5773,-77.264,40.86,-79.89
570,39.8,-79.8,1,Etna,15223,PA,US,40.5773,-77.264,40.43,-79.97
570,39.8,-79.8,3,PITTSBURGH,15205,PA,US,40.5773,-77.264,40.43,-79.97
560,40.57,-112.33,4,DENVER,80022,CO,US,39.0646,-105.3272,39.86,-104.86
10,40.2,-77.2,1,MASSENA,13662,NY,US,42.1497,-74.9384,44.92,-74.89
10,40.2,-77.2,1,Charlotte,28208,NC,US,35.6411,-79.8431,35.19,-80.83
10,40.2,-77.2,1,ITHACA,14850,NY,US,42.1497,-74.9384,42.44,-76.5
10,40.2,-77.2,1,SCHAUMBURG,60173,IL,US,40.3363,-89.0022,42.03,-88.08
10,40.2,-77.2,1,ROANOKE,24018,VA,US,37.768,-78.2057,37.27,-79.95
10,40.2,-77.2,1,WYTHEVILLE,24382,VA,US,37.768,-78.2057,36.95,-81.08
560,40.57,-112.33,2,CASPER,82601,WY,US,42.7475,-107.2085,42.83,-106.32
530,41.93,-87.87,1,OMAHA,68105,NE,US,41.1289,-98.2883,41.26,-96.01
530,41.93,-87.87,2,OMAHA,68122,NE,US,41.1289,-98.2883,41.26,-96.01
10,40.2,-77.2,1,Chesapeake,23325,VA,US,37.768,-78.2057,36.67,-76.3
10,40.2,-77.2,2,NewportNews,23601,VA,US,37.768,-78.2057,37.07,-76.51
646,28.04,-81.96,1,WESTPOINT,39773,MS,US,32.7673,-89.6812,33.6,-88.64
560,40.57,-112.33,1,BEND,97701,OR,US,44.5672,-122.1269,44.07,-121.25
560,40.57,-112.33,1,CLACKAMAS,97015,OR,US,44.5672,-122.1269,45.41,-122.49
530,41.93,-87.87,1,WYOMING,49509,MI,US,43.3504,-84.5603,42.96,-85.65
570,39.8,-79.8,5,CHANTILLY,20151,VA,US,37.768,-78.2057,38.87,-77.4
570,39.8,-79.8,4,HANOVER,21076,MD,US,39.0724,-76.7902,39.16,-76.72
550,32.73,-96.29,1,WICHITAFALLS,76310,TX,US,31.106,-97.6475,33.89,-98.51
70,38.88,-89.4,1,LEWISVILLE,75057,TX,US,31.106,-97.6475,33.04,-96.98
91,40.57,-112.33,2,OAKLAND,94621,CA,US,36.17,-119.7462,37.73,-122.2
91,40.57,-112.33,1,SACRAMENTO,95815,CA,US,36.17,-119.7462,38.6,-121.46
90,34.61,-89.97,1,LITTLEROCK,72209,AR,US,34.9513,-92.3809,34.72,-92.35
320,32.73,-96.29,2,HOUSTON,77007,TX,US,31.106,-97.6475,29.76,-95.38
560,40.57,-112.33,1,OAKLAND,94621,CA,US,36.17,-119.7462,37.73,-122.2
310,40.2,-77.2,1,BALTIMORE,21237,MD,US,39.0724,-76.7902,39.32,-76.5
550,32.73,-96.29,3,SANANTONIO,78202,TX,US,31.106,-97.6475,29.45,-98.5
550,32.73,-96.29,2,SANANTONIO,78228,TX,US,31.106,-97.6475,29.45,-98.5
310,40.2,-77.2,1,JACKSONVILLE,32207,FL,US,27.8333,-81.717,30.33,-81.65
665,33.44,-112.13,3,PHOENIX,85008,AZ,US,33.7712,-111.3877,33.46,-111.98
320,32.73,-96.29,4,SANLEANDRO,94577,CA,US,36.17,-119.7462,37.71,-122.16
90,34.61,-89.97,2,Houston,77073,TX,US,31.106,-97.6475,29.76,-95.38
560,40.57,-112.33,1,NORCO,92860,CA,US,36.17,-119.7462,33.93,-117.56
560,40.57,-112.33,1,NORTHRIDGE,91330,CA,US,36.17,-119.7462,34.24,-118.5
10,40.2,-77.2,1,MIDDLETOWN,10940,NY,US,42.1497,-74.9384,41.44,-74.42
1520,41.52,-74.23,4,BOSTON,2119,MA,US,42.2373,-71.5314,42.35,-71.06
560,40.57,-112.33,1,ORANGE,92865,CA,US,36.17,-119.7462,33.83,-117.85
70,38.88,-89.4,3,ZEELAND,49464,MI,US,43.3504,-84.5603,42.81,-86.01
550,32.73,-96.29,3,Abilene,79602,TX,US,31.106,-97.6475,32.45,-99.73
560,40.57,-112.33,1,BASIN,82410,WY,US,42.7475,-107.2085,44.37,-108.04
642,39.69,-104.81,1,RIFLE,81650,CO,US,39.0646,-105.3272,39.53,-107.77
642,39.69,-104.81,1,BERNALILLO,87004,NM,US,34.8375,-106.2371,35.31,-106.55
530,41.93,-87.87,1,OMAHA,68110,NE,US,41.1289,-98.2883,41.26,-96.01
642,39.69,-104.81,1,CENTENNIAL,80112,CO,US,39.0646,-105.3272,39.64,-104.99
642,39.69,-104.81,5,DENVER,80223,CO,US,39.0646,-105.3272,39.76,-104.87
641,41.22,-96.48,2,WICHITA,67219,KS,US,38.5111,-96.8005,37.68,-97.34
641,41.22,-96.48,2,VALLEY,68064,NE,US,41.1289,-98.2883,41.31,-96.34
10,40.2,-77.2,1,CLEVES,45002,OH,US,40.3736,-82.7755,39.16,-84.74
70,38.88,-89.4,1,MENOMONEEFALLS,53051,WI,US,44.2563,-89.6385,43.14,-88.12
70,38.88,-89.4,1,MILWAUKEE,53221,WI,US,44.2563,-89.6385,43.06,-87.96
70,38.88,-89.4,1,RICELAKE,54868,WI,US,44.2563,-89.6385,45.49,-91.73
530,41.93,-87.87,5,SAINTLOUIS,63114,MO,US,38.4623,-92.302,38.63,-90.24
530,41.93,-87.87,3,RICELAKE,54868,WI,US,44.2563,-89.6385,45.49,-91.73
530,41.93,-87.87,1,STEVENSPOINT,54481,WI,US,44.2563,-89.6385,44.54,-89.56
70,38.88,-89.4,1,HIBBING,55746,MN,US,45.7326,-93.9196,47.4,-92.94
70,38.88,-89.4,1,SAINTCLOUD,56304,MN,US,45.7326,-93.9196,45.55,-94.17
641,41.22,-96.48,1,NIXA,65714,MO,US,38.4623,-92.302,37.04,-93.29
90,34.61,-89.97,1,Concord,28026,NC,US,35.6411,-79.8431,35.4,-80.59
90,34.61,-89.97,1,GRANDRAPIDS,49548,MI,US,43.3504,-84.5603,42.96,-85.65
90,34.61,-89.97,1,PORTAGE,49024,MI,US,43.3504,-84.5603,42.2,-85.59
90,34.61,-89.97,1,SANANTONIO,78259,TX,US,31.106,-97.6475,29.45,-98.5
91,40.57,-112.33,1,CORONA,92879,CA,US,36.17,-119.7462,33.87,-117.53
540,30.19,-82.64,5,DAVIDSON,28036,NC,US,35.6411,-79.8431,35.49,-80.84
560,40.57,-112.33,5,SANDIEGO,92111,CA,US,36.17,-119.7462,32.8,-117.16
550,32.73,-96.29,1,KANSASCITY,66103,KS,US,38.5111,-96.8005,39.1,-94.62
580,47.1,-122.32,2,VANCOUVER,98661,WA,US,47.3917,-121.5708,45.64,-122.63
663,38.39,-121.81,1,PUYALLUP,98375,WA,US,47.3917,-121.5708,47.1,-122.32
10,40.2,-77.2,1,OKLAHOMACITY,73108,OK,US,35.5376,-96.9247,35.46,-97.51
320,32.73,-96.29,3,AUSTIN,78758,TX,US,31.106,-97.6475,30.26,-97.74
320,32.73,-96.29,1,SACRAMENTO,95816,CA,US,36.17,-119.7462,38.57,-121.46
1520,41.52,-74.23,3,HARRISON,7029,NJ,US,40.314,-74.5089,40.74,-74.15
1520,41.52,-74.23,2,CLARENCE,14031,NY,US,42.1497,-74.9384,42.98,-78.6
1520,41.52,-74.23,3,WILLIAMSPORT,17701,PA,US,40.5773,-77.264,41.23,-77.03
320,32.73,-96.29,1,OMAHA,68117,NE,US,41.1289,-98.2883,41.26,-96.01
1520,41.52,-74.23,1,CEDARKNOLLS,7927,NJ,US,40.314,-74.5089,40.82,-74.45
1520,41.52,-74.23,1,LODI,7644,NJ,US,40.314,-74.5089,40.87,-74.08
1520,41.52,-74.23,5,LEWISTON,4240,ME,US,44.6074,-69.3977,44.08,-70.17
1520,41.52,-74.23,11,EASTRUTHERFORD,7073,NJ,US,40.314,-74.5089,40.81,-74.08
1520,41.52,-74.23,1,Queens,11101,NY,US,42.1497,-74.9384,40.74,-73.93
1520,41.52,-74.23,1,NEWYORK,10023,NY,US,42.1497,-74.9384,40.71,-73.99
1520,41.52,-74.23,1,ALLENTOWN,18102,PA,US,40.5773,-77.264,40.59,-75.47
530,41.93,-87.87,2,MADISON,53716,WI,US,44.2563,-89.6385,43.07,-89.38
10,40.2,-77.2,2,SANDIEGO,92111,CA,US,36.17,-119.7462,32.8,-117.16
570,39.8,-79.8,2,HAMPTON,23669,VA,US,37.768,-78.2057,37.04,-76.29
570,39.8,-79.8,5,Cleveland,44115,OH,US,40.3736,-82.7755,41.47,-81.67
1661,47.1,-122.32,1,POULSBO,98370,WA,US,47.3917,-121.5708,47.75,-122.61
641,41.22,-96.48,1,TOPEKA,66604,KS,US,38.5111,-96.8005,39.03,-95.69
641,41.22,-96.48,2,TOPEKA,66618,KS,US,38.5111,-96.8005,39.03,-95.69
641,41.22,-96.48,1,DALLAS,75228,TX,US,31.106,-97.6475,32.79,-96.76
530,41.93,-87.87,5,KIRKSVILLE,63501,MO,US,38.4623,-92.302,40.19,-92.57
560,40.57,-112.33,8,ALBUQUERQUE,87107,NM,US,34.8375,-106.2371,35.11,-106.62
663,38.39,-121.81,1,COLMA,94014,CA,US,36.17,-119.7462,37.68,-122.43
663,38.39,-121.81,1,SANJOSE,95118,CA,US,36.17,-119.7462,37.25,-121.88
663,38.39,-121.81,2,SANJOSE,95125,CA,US,36.17,-119.7462,37.29,-121.88
663,38.39,-121.81,1,SANJOSE,95133,CA,US,36.17,-119.7462,37.37,-121.86
646,28.04,-81.96,3,LAKEMARY,32746,FL,US,27.8333,-81.717,28.75,-81.33
70,38.88,-89.4,1,SiouxFalls,57104,SD,US,44.2853,-99.4632,43.54,-96.73
91,40.57,-112.33,2,SANANTONIO,78217,TX,US,31.106,-97.6475,29.45,-98.5
550,32.73,-96.29,2,SPRINGFIELD,65803,MO,US,38.4623,-92.302,37.19,-93.28
1520,41.52,-74.23,2,SWEDESBORO,8085,NJ,US,40.314,-74.5089,39.74,-75.31
646,28.04,-81.96,1,ALPHARETTA,30009,GA,US,32.9866,-83.6487,34.06,-84.27
646,28.04,-81.96,1,DORAVILLE,30360,GA,US,32.9866,-83.6487,33.76,-84.42
540,30.19,-82.64,1,Chattanooga,37421,TN,US,35.7449,-86.7489,35.06,-85.25
1520,41.52,-74.23,3,FAYETTEVILLE,13066,NY,US,42.1497,-74.9384,43.02,-76
540,30.19,-82.64,25,CONCORD,28027,NC,US,35.6411,-79.8431,35.4,-80.59
10,40.2,-77.2,1,FORTLAUDERDALE,33311,FL,US,27.8333,-81.717,26.14,-80.13
646,28.04,-81.96,1,SAINTPETERSBURG,33714,FL,US,27.8333,-81.717,27.75,-82.64
560,40.57,-112.33,17,RENO,89506,NV,US,38.4199,-117.1219,39.76,-119.86
91,40.57,-112.33,1,CUERO,77954,TX,US,31.106,-97.6475,29.09,-97.28
663,38.39,-121.81,1,MEAD,68041,NE,US,41.1289,-98.2883,41.22,-96.48
663,38.39,-121.81,1,PEORIA,85345,AZ,US,33.7712,-111.3877,33.57,-112.25
641,41.22,-96.48,1,TOPEKA,66607,KS,US,38.5111,-96.8005,39.03,-95.69
570,39.8,-79.8,3,BALTIMORE,21229,MD,US,39.0724,-76.7902,39.3,-76.61
10,40.2,-77.2,1,Montgomery,36116,AL,US,32.799,-86.8073,32.35,-86.28
1520,41.52,-74.23,2,DANBURY,6810,CT,US,41.5834,-72.7622,41.4,-73.47
10,40.2,-77.2,1,ELIZABETHTOWN,28337,NC,US,35.6411,-79.8431,34.62,-78.61
540,30.19,-82.64,3,KISSIMMEE,34747,FL,US,27.8333,-81.717,28.3,-81.41
10,40.2,-77.2,1,AKRON,44312,OH,US,40.3736,-82.7755,41.08,-81.52
1520,41.52,-74.23,6,DEDHAM,2026,MA,US,42.2373,-71.5314,42.24,-71.17
570,39.8,-79.8,1,Lorton,22079,VA,US,37.768,-78.2057,38.7,-77.24
540,30.19,-82.64,1,JOHNSONCITY,37602,TN,US,35.7449,-86.7489,36.33,-82.36
310,40.2,-77.2,1,SAINTPAUL,55108,MN,US,45.7326,-93.9196,44.94,-93.1
642,39.69,-104.81,1,DENVER,80229,CO,US,39.0646,-105.3272,39.76,-104.87
570,39.8,-79.8,1,CARY,27518,NC,US,35.6411,-79.8431,35.78,-78.79
550,32.73,-96.29,1,DALLAS,75220,TX,US,31.106,-97.6475,32.79,-96.76
560,40.57,-112.33,1,MURRAY,84123,UT,US,40.1135,-111.8535,40.65,-111.92
540,30.19,-82.64,4,FORTLAUDERDALE,33314,FL,US,27.8333,-81.717,26.14,-80.13
540,30.19,-82.64,1,PENSACOLA,32514,FL,US,27.8333,-81.717,30.44,-87.18
540,30.19,-82.64,1,PELHAM,35124,AL,US,32.799,-86.8073,33.3,-86.79
540,30.19,-82.64,1,STOCKBRIDGE,30281,GA,US,32.9866,-83.6487,33.54,-84.24
540,30.19,-82.64,3,SUMMERVILLE,29483,SC,US,33.8191,-80.9066,33,-80.17
570,39.8,-79.8,1,PITTSBURGH,15226,PA,US,40.5773,-77.264,40.43,-79.97
570,39.8,-79.8,1,LAURINBURG,28352,NC,US,35.6411,-79.8431,34.76,-79.47
570,39.8,-79.8,1,RALEIGH,27603,NC,US,35.6411,-79.8431,35.82,-78.65
1520,41.52,-74.23,1,PELHAM,3076,NH,US,43.4108,-71.5653,42.73,-71.31
540,30.19,-82.64,1,SUWANEE,30024,GA,US,32.9866,-83.6487,34.05,-84.07
70,38.88,-89.4,1,AURORA,80011,CO,US,39.0646,-105.3272,39.69,-104.81
540,30.19,-82.64,2,TAMPA,33619,FL,US,27.8333,-81.717,27.95,-82.48
540,30.19,-82.64,9,DORAVILLE,30360,GA,US,32.9866,-83.6487,33.76,-84.42
540,30.19,-82.64,2,FRANKLIN,37064,TN,US,35.7449,-86.7489,35.92,-86.84
540,30.19,-82.64,3,NASHVILLE,37204,TN,US,35.7449,-86.7489,36.17,-86.78
540,30.19,-82.64,8,HOUSTON,77064,TX,US,31.106,-97.6475,29.76,-95.38
1520,41.52,-74.23,6,DOVER,3820,NH,US,43.4108,-71.5653,43.19,-70.87
1520,41.52,-74.23,6,GARDENCITY,11530,NY,US,42.1497,-74.9384,40.72,-73.64
540,30.19,-82.64,2,JEFFERSON,70121,LA,US,31.1801,-91.8749,30.06,-89.93
665,33.44,-112.13,4,PHOENIX,85034,AZ,US,33.7712,-111.3877,33.43,-112.01
10,40.2,-77.2,1,REDOAK,75154,TX,US,31.106,-97.6475,32.51,-96.8
10,40.2,-77.2,3,COLUMBIA,29201,SC,US,33.8191,-80.9066,34,-81.03
550,32.73,-96.29,1,MESQUITE,75150,TX,US,31.106,-97.6475,32.76,-96.59
664,33.98,-117.65,2,ONTARIO,91761,CA,US,36.17,-119.7462,34.02,-117.58
665,33.44,-112.13,4,LASVEGAS,89103,NV,US,38.4199,-117.1219,36.11,-115.21
663,38.39,-121.81,1,LIVERMORE,94551,CA,US,36.17,-119.7462,37.77,-121.75
10,40.2,-77.2,1,ORADELL,7649,NJ,US,40.314,-74.5089,40.95,-74.03
1661,47.1,-122.32,4,SPOKANEVALLEY,99212,WA,US,47.3917,-121.5708,47.65,-117.31
560,40.57,-112.33,2,MODESTO,95358,CA,US,36.17,-119.7462,37.65,-121.13
560,40.57,-112.33,1,PROVO,84602,UT,US,40.1135,-111.8535,40.22,-111.69
540,30.19,-82.64,2,FORTRUCKER,36362,AL,US,32.799,-86.8073,31.34,-85.71
540,30.19,-82.64,1,SANDYSPRINGS,30342,GA,US,32.9866,-83.6487,33.88,-84.37
646,28.04,-81.96,1,CHATTANOOGA,37421,TN,US,35.7449,-86.7489,35.06,-85.25
550,32.73,-96.29,1,EDINBURG,78539,TX,US,31.106,-97.6475,26.29,-98.16
646,28.04,-81.96,1,JACKSONVILLE,32209,FL,US,27.8333,-81.717,30.33,-81.65
646,28.04,-81.96,1,LECANTO,34461,FL,US,27.8333,-81.717,28.85,-82.48
646,28.04,-81.96,1,WILLISTON,32696,FL,US,27.8333,-81.717,29.37,-82.45
90,34.61,-89.97,7,HOUSTON,77017,TX,US,31.106,-97.6475,29.76,-95.38
641,41.22,-96.48,1,AMARILLO,79101,TX,US,31.106,-97.6475,35.2,-101.81
664,33.98,-117.65,1,LOMPOC,93436,CA,US,36.17,-119.7462,34.6,-120.39
664,33.98,-117.65,1,ATASCADERO,93422,CA,US,36.17,-119.7462,35.45,-120.71
530,41.93,-87.87,1,ITASCA,60143,IL,US,40.3363,-89.0022,41.97,-88.01
